original_name,vlink,releasedate,members,group_name
[Dance Practice] SISTAR(씨스타)_Touch my body_안무연습 Ver.,5IT2rFeF6XQ,2014-07-21,female,Sistar
[Dance Practice] SISTAR(씨스타)_I Swear_안무연습 Ver.,QFiAaqY2RpE,2014-08-26,female,Sistar
Girls' Generation 소녀시대 'Oh!' Dance Practice,S7SYWFeaSqc,2010-02-04,female,Girls' Generation
Girls' Generation 소녀시대 'Mr.Mr.' Dance Practice,DMNcXwxQA7Q,2014-03-30,female,Girls' Generation
2NE1 - 'I LOVE YOU' Dance Practice Video,ZZEiDiDhlpI,2012-07-10,female,2NE1
2NE1 - 'FALLING IN LOVE' Dance Practice (안무연습),gceDuSLvCPU,2013-07-11,female,2NE1
2NE1 - 'COME BACK HOME' Dance Practice,0RUvealeXZ0,2014-03-13,female,2NE1
CL - '나쁜 기집애(THE BADDEST FEMALE)' Dance Practice (안무연습),5OzAqfboJ9k,2013-06-06,female,CL
2NE1 - '너 아님 안돼 (GOTTA BE YOU)' Dance Practice,9Lk6lnTS5sU,2014-03-17,female,2NE1
2NE1 - 'DO YOU LOVE ME' Dance Practice (안무연습),gwVWMmcM7HQ,2013-08-06,female,2NE1
"Wonder Girls ""Like this"" Dance Practice",E38Cdod47Zc,2012-06-05,female,Wonder Girls
"Wonder Girls ""Like Money"" Dance Practice",4wzRRTXSGHo,2012-09-04,female,Wonder Girls
AOA - 짧은 치마(Miniskirt) 안무영상(Dance Practice) Full ver.,56hGcCt0NuU,2014-01-15,female,AOA
AOA - 짧은 치마(Miniskirt) 안무영상(Dance Practice) Eye contact ver.,8CP9CxY7d3E,2014-01-15,female,AOA
AOA - 사뿐사뿐(Like a Cat) 안무영상(Dance Practice) Full ver,srK7Vj5p9Tg,2014-11-20,female,AOA
[ETC] AFTERSCHOOL - 'Flashback' Dance Practice ver,IPsoes0eoU0,2012-06-29,female,After School
나인뮤지스[9MUSES] - 드라마(DRAMA) 안무 연습영상(Dance practice),j0BgmTJzBgI,2015-01-23,female,9Muses
RAINBOW(레인보우) - Tell me Tell me(텔미텔미) Dance Practice Video,_s4AG9zv5Jg,2013-03-07,female,Rainbow
LEE HI - 'ROSE' DANCE PRACTICE VIDEO,-DlU0f9c-B8,2013-04-08,female,Lee Hi
LEE HI  - 'IT'S OVER' DANCE PRACTICE VIDEO,Umz8F0xLIV4,2013-03-11,female,Lee Hi
"miss A ""Only You(다른 남자 말고 너)"" Dance Practice",lydyrae75xI,2015-04-05,female,Miss A
"miss A ""Only You(다른 남자 말고 너)"" Dance Practice #2 (Close Up Ver.)",21-hI5XkSZ0,2015-04-11,female,Miss A
KARA(카라)-맘마미아(Mamma Mia)안무연습 영상(Dance practice),zXQvssll_I4,2014-08-25,female,Kara
BESTie - Love Options (dance practice) DVhd,ZMh68KBd1CA,2013-11-09,female,BESTie
SISTAR 씨스타_SHAKE IT Dance Practice ver.,O27fsGdpP-Y,2015-06-23,female,Sistar
나인뮤지스[9MUSES] - 다쳐(Hurt Locker) 안무 연습영상(Dance practice),ERHLwrj7W5c,2015-07-04,female,9Muses
여자친구(GFRIEND) - 유리구슬(Glass Bead) Dance Practice ver.,5Sd4FByvxQk,2015-02-04,female,GFriend
"LOVELYZ ""안녕(Hi~)"" Dance Practice",KMLrtgy6l00,2015-03-15,female,Lovelyz
"Lovelyz ""Candy Jelly Love"" Dance Practice",kABkuIF7zWg,2014-12-08,female,Lovelyz
달샤벳(Dalshabet) '너 같은 (Someone like U)' 안무영상 Dance Practice,9mLJ6zEhGNo,2016-01-14,female,Dal★Shabet
[Dance Practice] 우주소녀 (WJSN) _ MoMoMo (모모모),27zLeOzp0Uk,2016-03-07,female,WJSN
[Dance Practice] 씨스타(SISTAR) _ I Like That,ErfYlsY16UQ,2016-06-29,female,Sistar
SEOHYUN 서현 'Don't Say No' Dance Practice,ehPvJLjP0HE,2017-02-01,female,Seohyun
"TWICE(트와이스) ""TT"" Dance Practice Video",9uypQGzzhns,2016-11-01,female,Twice
"TWICE(트와이스) ""OOH-AHH하게(Like OOH-AHH)"" Dance Practice NAME TAG Ver.",cszZgUUwLjE,2015-10-31,female,Twice
달샤벳 (Dalshabet) - 너 같은 'Someone like U' (Close up Ver.) Dance Practice,rAiGYFWk0Hs,2016-01-26,female,Dal★Shabet
gugudan(구구단) - '나 같은 애' (A Girl Like Me) Dance practice video,TqavhrGTiP8,2017-03-30,female,Gugudan
JESSICA (제시카) - WONDERLAND (English Version) Dance Practice Video,uhZ3l6sKwLI,2016-12-29,female,Jessica
[DIA] 다이아 - 나랑사귈래(Will you go out with me) 안무영상(Dance Practice),Je7q5WZ6sa0,2017-05-04,female,Dia
Weki Meki 위키미키 - I don't like your Girlfriend DANCE PRACTICE,4j6oUkq0c68,2017-09-01,female,Weki Meki
"MOMOLAND(모모랜드) - ""뿜뿜(BBoom BBoom)"" Dance Practice",hLv5MBuSYDY,2018-01-08,female,Momoland
BLACKPINK - '뚜두뚜두 (DDU-DU DDU-DU)' DANCE PRACTICE VIDEO (MOVING VER.),jOJbXvjZ-cQ,2018-06-17,female,Blackpink
BLACKPINK - '붐바야(BOOMBAYAH)' DANCE PRACTICE VIDEO,ivoS3HUJB3Q,2016-08-20,female,Blackpink
BLACKPINK - '휘파람(WHISTLE)' DANCE PRACTICE VIDEO,1kYrp_Bs8DU,2016-08-18,female,Blackpink
BLACKPINK - ‘불장난(PLAYING WITH FIRE)’ DANCE PRACTICE VIDEO,NvWfJTbrTBY,2016-11-03,female,Blackpink
BLACKPINK - ‘마지막처럼 (AS IF IT’S YOUR LAST)’ DANCE PRACTICE VIDEO,hKUJmA9O6iA,2017-06-24,female,Blackpink
"TWICE(트와이스) ""KNOCK KNOCK"" Dance Practice Video",idOQFSu_4Ok,2017-02-25,female,Twice
gugudan(구구단) - 'The Boots' Dance Practice Video,JWzc8xC0d84,2018-02-04,female,Gugudan
gugudan(구구단) - 'Chococo' Dance Practice Video,NYIgWUEsVVc,2017-11-13,female,Gugudan
"MOMOLAND(모모랜드) - ""꼼짝마(Freeze)"" Dance Practice",_rDsVGpCuW4,2017-08-28,female,Momoland
"MOMOLAND(모모랜드) - ""BAAM"" Dance Practice",z0rthAhdkRk,2018-07-02,female,Momoland
Red Velvet 레드벨벳 'Rookie' Dance Practice,o845InvtxKk,2017-02-10,female,Red Velvet
AOA - 빙글뱅글 (Bingle Bangle) 안무영상 (Dance Practice) Full Ver.,b3mMeYS2wzE,2018-06-19,female,AOA
"Yubin ""숙녀 (淑女)"" Dance Practice",_ZtQbqrdyvw,2018-06-08,female,Yubin
[SPECIAL VIDEO] PRISTIN V(프리스틴 V) - 네 멋대로(Get It) Dance Practice,udxg7qwf7HI,2018-06-04,female,Pristin V
여자친구 GFRIEND - 밤 (Time For The Moon Night) Dance Practice ver.,PfMIkyJdxYw,2018-05-01,female,GFriend
[EXID(이엑스아이디)] 내일해 안무영상('LADY' DANCE PRACTICE),Mg1dttIyZKk,2018-04-03,female,EXID
Dreamcatcher(드림캐쳐) Chase Me 안무연습 영상(Dance Practice Video),ik93LU-xpWc,2017-01-22,female,Dreamcatcher
BLACKPINK - 'Forever Young' DANCE PRACTICE VIDEO (MOVING VER.),89kTb73csYg,2018-06-20,female,Blackpink
YURI 유리 '빠져가 (Into You)' Dance Practice,HZffGnov7vQ,2018-10-13,female,Yuri
[STATION X 0] 슬기(SEULGI)X신비(여자친구)X청하X소연 'Wow Thing' Dance Practice,2SO-qLst3po,2018-09-21,female,Seulgi + SinB + Chung ha + Soyeon
IZ*ONE (아이즈원) - 라비앙로즈 (La Vie en Rose) Dance Practice,hsMaygLZ3G4,2018-11-03,female,IZ*ONE
아이유(IU) : '삐삐(BBIBBI)' DANCE PRACTICE,hngml3y2Rq8,2018-11-04,female,IU
"CRAYON POP (크레용팝) ""Bing Bing"" Dance Practice (Mirror mode) 안무연습",eo82koP4sDk,2012-07-23,female,Crayon Pop
NATURE(네이처) - 썸(You'll Be Mine) Dance Practice,QLiVHqqVLEM,2018-11-28,female,Nature
[EXID(이엑스아이디)] 알러뷰 안무 영상 ('I LOVE YOU' Dance Practice Video),IGN5qjxQ4KY,2018-11-26,female,EXID
gugudan(구구단) - 'Not That Type' Dance Practice Video,HTxWHRR6DXw,2018-11-14,female,Gugudan
"Yubin ""Thank U Soooo Much"" Dance Practice (Full Cam Ver.)",BEYkUSdB-88,2018-11-30,female,Yubin
"TWICE(트와이스) ""JELLY JELLY"" Dance Practice Video",WuLQ5iV3Q64,2016-11-12,female,Twice
LUNA 루나 'Do You Love Me (Feat. 죠지)' Dance Practice,Wxq0gq6TA_0,2019-01-08,female,Luna
[Dance Practice] 우주소녀 (WJSN) - La La Love Moving Cam Ver.,g8uByuSNj_4,2019-01-08,female,WJSN
여자친구 GFRIEND - 해야 (Sunrise) Dance Practice ver.,lRLpYD_Moa4,2019-01-17,female,GFriend
NATURE(네이처) - 꿈꿨어(Dream About U) Dance Practice,7zaG6oON4Z8,2019-01-23,female,Nature
FAVORITE(페이버릿) Loca - Dance Practice Video,toVsGqX8GNQ,2019-01-23,female,Favorite
FAVORITE(페이버릿) Hush - Dance Practice Video,_Z92hTo2MVo,2019-01-30,female,Favorite
"ITZY ""달라달라(DALLA DALLA)"" Dance Practice",ay97L0DAu9A,2019-02-19,female,ITZY
"ITZY ""달라달라(DALLA DALLA)"" Dance Practice (Close-up Ver.)",1Nu_tw9rLOA,2019-02-24,female,ITZY
"이달의 소녀 (LOONA) ""Butterfly"" Dance Practice Video",ADJorSdTRCI,2019-03-10,female,LOONA
"모모랜드(MOMOLAND) ""I'm So Hot"" Dance Practice",glz2jlCQ-bI,2019-03-24,female,Momoland
[EVERGLOW] 봉봉쇼콜라 (Bon Bon Chocolat) Dance Practice,DicPG8z6wMM,2019-03-27,female,Everglow
IZ*ONE (아이즈원) - 비올레타 (Violeta) Dance Practice,Z8_aiEDLoY4,2019-04-07,female,IZ*ONE
BLACKPINK - 'Kill This Love' DANCE PRACTICE VIDEO (MOVING VER.),MOwaUlXZxkI,2019-04-08,female,Blackpink
BLACKPINK - 'Don't Know What To Do' DANCE PRACTICE VIDEO (MOVING VER.),bqzDuRz_P7g,2019-04-15,female,Blackpink
"TWICE ""FANCY"" Dance Practice Video",iRw4kL1CMI8,2019-04-23,female,Twice
[DALsooobin] 'Katchup' 안무영상 Dance practice,ewrKosCJN6A,2019-04-24,female,Dalsooobin
[SPECIAL VIDEO] IZ*ONE (아이즈원) - 비올레타 (Violeta) Dance Practice Close up Ver.,wnTWDHiBRpQ,2019-04-25,female,IZ*ONE
"수지(Suzy) ""Yes No Maybe"" Dance Practice (Close Up Ver.)",fMepe_sNMSw,2017-01-28,female,Suzy
"수지(Suzy) ""Yes No Maybe"" Dance Practice",D06IjyMoco4,2017-01-24,female,Suzy
"BVNDIT(밴디트) - ""Hocus Pocus"" Dance Practice",aXsxhUTQIb8,2019-04-16,female,BVNDIT
EXID(이엑스아이디) - 'ME&YOU' 안무 영상(Dance Practice Video),sFcvadzj684,2019-05-15,female,EXID
"ITZY ""WANT IT?"" Dance Practice",L4fRGgARiKw,2019-05-18,female,ITZY
"레이디스 코드(LADIES' CODE) ""FEEDBACK (너의 대답은)"" Dance Practice",yfYESegPHIE,2019-05-24,female,Ladies' code
[Dance Practice] 우주소녀 (WJSN) - Boogie Up Fixed Cam Ver.,hIs_Qw_-08s,2019-06-06,female,WJSN
Weki Meki 위키미키 - 너 하고 싶은 거 다 해 DANCE PRACTICE (PE Class Ver.),5DKU9GXibOU,2019-06-11,female,Weki Meki
[Dance Practice] 우주소녀 (WJSN) - Boogie Up Moving Cam Ver.,s6-j-lvf0FQ,2019-06-16,female,WJSN
로시(Rothy) X 최영준 'BEE' Dance Practice,jknKq7frOrI,2019-05-28,female,Rothy
체리블렛(Cherry Bullet) - 탁구공(Ping Pong) DANCE PRACTICE (EYE CONTACT Ver.),07jj9Ae36_o,2019-06-24,female,Cherry Bullet
전효성(JUNHYOSEONG) - Good-night Kiss 안무영상(Dance Practice),AYAy1YyWfTs,2014-05-15,female,Jun Hyo Seong
[EXID(이엑스아이디)] 덜덜덜 안무 영상('DDD' Dance Practice Video),HmrCCGpKozY,2017-11-19,female,EXID
여자친구 GFRIEND - 열대야 (Fever) Dance Practice ver.,3FR3MfepJjo,2019-07-02,female,GFriend
"MOMOLAND(모모랜드) - ""BAAM"" Moving Dance Practice",r6q3SkBIdTI,2018-07-11,female,Momoland
"MOMOLAND(모모랜드) - ""뿜뿜(BBoom BBoom)"" Moving Dance Practice",S_qFgyrABXQ,2018-01-15,female,Momoland
"MOMOLAND(모모랜드) - ""어마어마해 (Wonderful love)"" Dance Practice",-N8MmKSyox8,2017-04-30,female,Momoland
HYOLYN(효린) '달리 (Dally) (Feat. GRAY)' Dance PracticeᅵAliya Janell Choreography,b75eENj0WCQ,2018-05-02,female,Hyolyn
HYOLYN(효린) '바다보러갈래 (SEE SEA)' Dance PracticeᅵNicole Kirkland Choreography,x0dsngc3F98,2018-07-29,female,Hyolyn
"NATURE(네이처) ""Allegro Cantabile"" 안무 영상 (DANCE PRACTICE)",NoAYNDzCI3U,2018-08-24,female,Nature
SATURDAY(세러데이) - WiFi(와이파이) 안무 영상(Dance Practice),Njlij59fi6w,2019-02-13,female,Saturday
SATURDAY(세러데이) - 와이파이 (WiFi) NEW! ver 안무영상(Dance Practice),-4OjR4yEVnk,2019-07-10,female,Saturday
"여자여자GIRLSGIRLS - ""여자여자GIRLSGIRLS"" MV 안무모드 DANCE PRACTICE VIDEO",C1EG02AlFS8,2016-03-30,female,Girls Girls
MiSO(미소) _ KKPP(낄끼빠빠) _ Dance Practice(안무영상) Full Ver,JDkc23W3SiM,2017-04-10,female,MiSO
MiSO(미소) - 'Pink Lady(핑크레이디)' DANCE PRACTICE VIDEO 안무 영상,ZROb20IrPd0,2017-08-22,female,MiSO
MiSO(미소) - 'ON N ON(온앤온)' DANCE PRACTICE VIDEO 안무 영상,rXWr2miBt8w,2019-02-22,female,MiSO
[마틸다(Matilda)] '넌 Bad 날 울리지마' Dance Practice Video,szRiI76KglQ,2016-11-02,female,Matilda
NATURE(네이처) - 내가 좀 예뻐(I'm So Pretty) Dance Practice,DwhbeuH7wsE,2019-07-30,female,Nature
"ITZY ""ICY"" Dance Practice",mBvdwhgyqVY,2019-08-02,female,ITZY
"ITZY ""ICY"" Dance Practice (Thank you MIDZY Ver.)",acksIpuXN9Q,2019-08-03,female,ITZY
"ITZY ""IT'z SUMMER"" Dance Practice",fNc43M1_TPU,2019-08-05,female,ITZY
Red Velvet 레드벨벳 '봐 (Look)' Dance Practice,bqFjyo7I8fY,2018-02-21,female,Red Velvet
오마이걸(OH MY GIRL)_BUNGEE (Fall in Love)(Dance Practice Video),zKMrEdqGH10,2019-08-13,female,Oh My Girl
Rocket Punch(로켓펀치) ‘빔밤붐(BIM BAM BUM)’ Dance Practice,hKwmsbVXxDo,2019-08-17,female,Rocket Punch
[EVERGLOW] Adios Dance Practice,-iIXA8QEovY,2019-08-25,female,Everglow
Red Velvet 레드벨벳 '음파음파 (Umpah Umpah)' Dance Practice,Z4BE86Z0kYE,2019-08-29,female,Red Velvet
AOA - 심쿵해 (Heart Attack) 안무영상(Dance Practice) Full Ver.,zq-spTKsjDc,2015-07-16,female,AOA
AOA - 단발머리(Short Hair) 안무영상(Dance Practice) Full ver.,cSxrDMADfJA,2014-06-19,female,AOA
AOA - 단발머리(Short Hair) 안무영상(Dance Practice) Eye Contact ver.,vNdRd4ZQjr4,2014-06-19,female,AOA
AOA - Excuse Me 안무영상(Dance Practice) Full Ver.,4y9RJeS42Oc,2017-01-10,female,AOA
AOA - 흔들려 (Confused) Dance Practice Video (Eye Contact ver.),18fSsOulNYw,2013-10-13,female,AOA
[핑크판타지/Pinkfantasy]  '이리와' Dance Practice (할로윈버젼/Halloween ver.),6HXo6nW1SXQ,2018-10-28,female,Pink Fantasy
AOA - 심쿵해(Heart Attack) 안무영상(Dance Practice) Eye Contact ver.,1e7wlqRXsDc,2015-07-29,female,AOA
AOA - 사뿐사뿐 (Like a Cat) 안무영상(Dance Practice) Eye Contact ver.,TCK1wrokxAM,2014-11-23,female,AOA
AOA - 사뿐사뿐(Like a Cat) 안무영상(Dance Practice) Full ver,bD3Q2RA8EXM,2017-08-18,female,AOA
DREAMCATCHER -「Breaking Out」Dance Practice,25tHtjkRg1o,2019-09-17,female,Dreamcatcher
[핑크판타지] 'Fantasy'  안무 영상 Fantasy Dance Practice (PinkFantasy),AYPXnyJTcFg,2019-09-21,female,Pink Fantasy
라붐(LABOUM) - 'Firework' DANCE PRACTICE VIDEO,7pJaLrW1Cp0,2019-09-22,female,Laboum
3YE(써드아이)-OOMM (Out Of My Mind) Dance Practice Video,bDZpyqGNW08,2019-09-26,female,3YE
Jessi (제시) - 'Who Dat B' Dance Practice,GXc4J8VQwH0,2019-09-28,female,Jessi
"TWICE ""Feel Special"" Dance Practice Video",MPD36TJJFmY,2019-10-02,female,Twice
[EVERGLOW] You Don't Know Me Dance Practice,pBaORvznpuE,2019-10-24,female,Everglow
TAEYEON 태연 '불티 (Spark)' Dance Practice,AB1N_ahk3C8,2019-10-30,female,Taeyeon
현아 (HyunA) - 'FLOWER SHOWER' Dance Practice,P-vg-d9t6Jk,2019-11-08,female,Hyuna
HINAPIA(희나피아) - 'DRIP' Dance Practice,Gfkh_fKx8wc,2019-11-09,female,Hinapia
"MOMOLAND(모모랜드) - ""어마어마해(EDM Ver)"" Dance Practice",PrQUdlTgLv8,2017-06-09,female,Momoland
"BVNDIT(밴디트) - ""Dumb"" Dance Practice (Christmas ver.)",VZcQE02rb94,2019-12-23,female,BVNDIT
"모모랜드(MOMOLAND) ""Thumbs Up"" Moving Dance Practice",d8PX2Y5FvAo,2020-01-10,female,Momoland
"모모랜드(MOMOLAND) ""Thumbs Up"" Dance Practice",TrJzJkuEEOw,2020-01-16,female,Momoland
[드림노트] '바라다(WISH)' Dance Practice (한복 ver.),c32LkzhtOjg,2020-01-24,female,DreamNote
시그니처 (cignature) - ‘눈누난나 (Nun Nu Nan Na)’ Special Dance Practice Video,IuM0_vZGGUM,2020-01-30,female,cignature
여자친구 GFRIEND - 교차로 (Crossroads) Dance Practice ver.,Cluo9eJZi5I,2020-02-05,female,GFriend
시그니처(cignature) - '눈누난나 (Nun Nu Nan Na)' Dance Practice Video,PXXnjhyN_Gk,2020-02-05,female,cignature
[EVERGLOW] DUN DUN Dance Practice,ghUjmkl1U8Q,2020-02-07,female,Everglow
"BVNDIT(밴디트) - ""Cool"" Dance Practice",gwthvat6DLo,2020-02-07,female,BVNDIT
여자친구 GFRIEND - 'Labyrinth (래버린스)' Dance Practice ver.,lSK9kQObdLc,2020-02-08,female,GFriend
[EVERGLOW] SALUTE Dance Practice,cJ2zKUkj5Co,2020-02-08,female,Everglow
브레이브걸스 - 변했어 사복 안무영상 / Brave Girls - Deepened Dance Practice Video,geCuvmxY2ms,2016-03-10,female,BB GIRLS
브레이브걸스 (Brave Girls) - 롤린 (Rollin') Dance Practice Video (사복 ver.),ZhuDSdmby8k,2017-03-10,female,BB GIRLS
브레이브걸스 (Brave Girls) - 하이힐 (High Heels) Official Dance Practice Video,xVZ1pGhnWr4,2016-07-08,female,BB GIRLS
체리블렛 (Cherry Bullet) – 무릎을 탁 치고 (Hands Up) DANCE PRACTICE,FxJ9YdNgqn4,2020-02-12,female,Cherry Bullet
엘리스(ELRIS) - 'JACKPOT' dance practice video,tyupeFwCJmY,2020-02-28,female,Alice
IZ*ONE (아이즈원) - 'FIESTA' Dance Practice,kCk8x__pXvE,2020-02-28,female,IZ*ONE
Weki Meki 위키미키 - DAZZLE DAZZLE SPECIAL DANCE PRACTICE,gZI8TrOZDuw,2020-02-28,female,Weki Meki
"이달의 소녀 (LOONA) ""So What"" Dance Practice Video",Rr89LafnGKI,2020-03-02,female,LOONA
"AleXa (알렉사) - ""Do Or Die"" (Dance Practice 안무 연습 영상)",GkdSgO6V2QE,2020-03-10,female,AleXa
"AleXa (알렉사) - ""A.I TROOPER"" (Dance Practice 안무 연습 영상)",iVni3fgwGh4,2020-03-10,female,AleXa
MAMAMOO 「Shampoo」dance practice映像,MSCSKmkMyKs,2020-03-10,female,Mamamoo
"ITZY ""WANNABE"" Dance Practice",G_Lhkhxl8BU,2020-03-11,female,ITZY
Favorite (페이버릿) - Party Time 안무영상 (Dance Practice),CynTL7XceEM,2017-07-19,female,Favorite
Favorite (페이버릿) - 어느 별에서 왔니? (Where are you from?) 안무영상 (Dance Practice),MMyV_RZoHO4,2018-05-15,female,Favorite
"ITZY ""WANNABE"" Dance Practice (Moving Ver.)",Y0349sjf0Vs,2020-03-17,female,ITZY
SATURDAY(세러데이) 와이파이 (WiFi) Dance Practice,IoRJjAAkFg4,2020-03-25,female,Saturday
SATURDAY(세러데이) 뿅 (BByong) Dance Practice,fsOtPupc6Qw,2020-03-29,female,Saturday
FAVORITE(페이버릿) 또 LIE(LIE) - Dance Practice Video,XUlwiWo2vQA,2020-04-02,female,Favorite
시그니처(cignature) - '아싸 (ASSA)' Dance Practice Video,r3PeZbjc_ls,2020-04-12,female,cignature
APRIL(에이프릴) - LALALILALA _ 안무 영상 (Dance Practice),BTKiqYQBUAs,2020-04-23,female,April
BVNDIT(밴디트) - “Children” Dance Practice,0O_xSsE4dOQ,2020-04-24,female,BVNDIT
오마이걸(OH MY GIRL)_살짝 설렜어 (Nonstop) Dance Practice Video,t5CwVVIp934,2020-05-03,female,Oh My Girl
"TWICE(트와이스) ""Feel Special"" Dance Practice Video COMPLETE Ver.",yChy1KRIWAY,2020-05-12,female,Twice
BVNDIT(밴디트) - “JUNGLE” Dance Practice,pV22_6Zil3Q,2020-05-20,female,BVNDIT
APRIL(에이프릴) - 인형 _ 안무 영상 (Dance Practice),r5UvjouQWjI,2020-05-22,female,April
"SECRET NUMBER ""Who Dis?"" Dance Practice (Moving ver.)",HFt5y9UD4V4,2020-06-01,female,Secret Number
APRIL - Oops I'm Sorry _ 안무 영상 (Dance Practice),Y-T1Mi1BFRI,2020-06-04,female,April
TWICE “MORE & MORE” Dance Practice Video,xiMNWJr8J1w,2020-06-06,female,Twice
"SECRET NUMBER ""Who Dis?"" Dance Practice (Fixed ver.)",G_xtBAW2xO4,2020-06-19,female,Secret Number
IZ*ONE (아이즈원) - 환상동화 (Secret Story of the Swan) Dance Practice,1yQjsWhOuJI,2020-06-23,female,IZ*ONE
"ITZY ""달라달라(DALLA DALLA)"" Dance Practice (2020 Ver.)",Q-CYEtcBtDc,2020-06-22,female,ITZY
BVNDIT(밴디트) - “Come and Get It” Dance Practice,olbrwtXOTBQ,2020-06-17,female,BVNDIT
"SECRET NUMBER ""Holiday"" Dance Practice (Fixed ver.)",yOXPifAJkmY,2020-06-26,female,Secret Number
3YE(써드아이) - YESSIR | DANCE PRACTICE ver.,NMgHUHSYcmE,2020-07-04,female,3YE
"[핑크판타지] ""그림자 (Shadow Play)"" Dance Practice (PinkFantasy)",F8v9N9uyPJQ,2020-07-14,female,Pink Fantasy
"AleXa (알렉사) - ""VILLAIN"" (Dance Practice 안무 연습 영상)",EZJ7Xfhk93U,2020-07-23,female,AleXa
에이프릴(APRIL) - Now or Never _ 안무 영상 (Dance Practice),1mN06MYLUkw,2020-07-30,female,April
[Dance Practice] 소유 (SOYOU) - GOTTA GO (가라고),vPAwP22qIwk,2020-08-01,female,Soyou
Jessi (제시) - '눈누난나 (NUNU NANA)' Dance Practice,81Fp_94rEFg,2020-08-01,female,Jessi
에이프릴(APRIL) - PARADISE _ 안무 영상 (Dance Practice),8ocY4kgvkhQ,2020-08-04,female,April
Weki Meki 위키미키 - Tiki-Taka(99%) DANCE PRACTICE,SBme5juz3HU,2020-08-08,female,Weki Meki
"MOMOLAND(모모랜드) - ""짠쿵쾅 (JJan! Koong! Kwang!)"" Dance Practice",4sFoDHcyG8s,2016-11-17,female,Momoland
"AleXa (알렉사) - ""Bomb"" (Soribada Ver.) Dance Practice 안무 연습 영상",NB_rhTOJrJs,2020-08-20,female,AleXa
"ITZY ""Not Shy"" Dance Practice",d7ZvOX8qZlc,2020-08-22,female,ITZY
"ITZY ""Not Shy"" Dance Practice (Moving Ver.)",lMC6_j37TLE,2020-08-21,female,ITZY
"ITZY ""Not Shy"" Dance Practice (낫량특집 Ver.)",qFQRHOUOT5M,2020-08-27,female,ITZY
"ITZY ""Not Shy"" Dance Practice (Villain Ver.)",3OyjE2U2h14,2020-09-02,female,ITZY
"ITZY ""Not Shy"" Dance Practice (Hanbok Ver.)",zjfAL6BnmH8,2020-09-05,female,ITZY
러블리즈(Lovelyz) 'Obliviate' Dance Practice,U44ynVRDEzE,2020-09-10,female,Lovelyz
SoRi(소리) -  'Initial S' (이니셜 S) Dance Practice,9sMAta920fo,2020-09-02,female,Sori
[CHOREOGRAPHY] BOTOPASS(보토패스) - 'Flamingo' Dance Practice,TNsCBWxml8c,2020-09-04,female,Botopass
[Dance PractiX] 'DDALALA' Dance Practice,_akEwsfrQxg,2020-09-27,female,XUM
시그니처(cignature) - '아리송 (ARISONG)' Dance Practice Video,SHssbP7zSUs,2020-09-27,female,cignature
[LUNARSOLAR] 루나솔라 '노는 게 제일 좋아(OH YA YA YA)' Dance Practice (Hanbok Ver.),A-IJBfth_eg,2020-10-01,female,Lunarsolar
BLACKPINK - 'Lovesick Girls' DANCE PRACTICE VIDEO,YxksUfnuEbI,2020-10-08,female,Blackpink
Weki Meki 위키미키 - COOL DANCE PRACTICE,GjBEMPKOg5g,2020-10-10,female,Weki Meki
LEE SUHYUN - ‘ALIEN’ DANCE PRACTICE,WrUKg03v7wo,2020-10-17,female,Lee Suhyun
"AleXa (알렉사) – ""Revolution"" Dance Practice",pW-vuTGlUzY,2020-10-27,female,AleXa
[MAMAMOO] '넌 is 뭔들' 사복안무영상 - Dance Practice Video,bjBst20P7A8,2016-03-11,female,Mamamoo
오마이걸(OH MY GIRL)_CUPID_(Dance Practice Video),WObFahz5KVY,2015-05-20,female,Oh My Girl
"TWICE ""I CAN'T STOP ME"" Dance Practice Video",TPpmOzpHiE0,2020-11-02,female,Twice
[CHOREOGRAPHY] GFRIEND (여자친구) ‘MAGO’ Dance Practice,tJf-vlcTXBA,2020-11-11,female,GFriend
"이달의 소녀 (LOONA) ""Why Not?"" Dance Practice Video",HdisHDtjGUw,2020-11-12,female,LOONA
STAYC(스테이씨) 'SO BAD' Dance Practice,dmvZlwD9_0c,2020-11-14,female,StayC
나띠(NATTY) - ‘Teddy Bear’ Dance Practice,OBk5lVzKEhU,2020-11-14,female,Natty
TWICE「BETTER」Dance Practice Video,cbzjs4Gji_4,2020-11-18,female,Twice
블링블링(Bling Bling) - 'G.G.B' 안무 연습 영상 (Dance Practice Video),2N1IVUTOiXI,2020-11-23,female,Bling Bling
"SECRET NUMBER ""Got That Boom"" Dance Practice",8Y6wMw2j2o8,2020-11-24,female,Secret Number
aespa 에스파 'Black Mamba' Dance Practice,NU611fxGyPU,2020-11-26,female,Aespa
"SECRET NUMBER ""PRIVACY"" Dance Practice",UrByqFtnEaQ,2020-11-27,female,Secret Number
"모모랜드(MOMOLAND) ""Ready Or Not"" Dance Practice",SnSIyrxyW1g,2020-12-03,female,Momoland
블링블링(Bling Bling) - 'G.G.B' 안무 연습 영상 (Dance Practice Video) 교복 ver. High School ver.,RSuCkOo8WWU,2020-12-07,female,Bling Bling
블링블링(Bling Bling) -  '너 나랑 놀래?(LA LA LA)' One-Take Dance Practice,53XVd4_MSEA,2020-12-10,female,Bling Bling
IZ*ONE (아이즈원) - 'Panorama' Dance Practice,aDdgU2gPtQQ,2020-12-16,female,IZ*ONE
woo!ah! (우아!) – 'I Don't Miss U' Dance Practice,jZXYIK7RiVc,2021-01-03,female,WOOAH
키스앤크라이 Kiss&Cry Domino Game Dance Practice,VHYFN0ELWY8,2014-02-05,female,Kiss&Cry
KHAN I'm Your Girl ? dance practice,Em3Ko7g22ao,2018-06-20,female,KHAN
aespa 에스파 'Black Mamba' Techwear ver. Dance Practice,pgjQkcYD-rQ,2021-01-12,female,Aespa
[Suzy : A Tempo] Dance Practice _ Yes No Maybe,5aZGFMtJQJQ,2021-01-18,female,Suzy
[STELLAR] Insomnia dance practice,utLu6tGAg4g,2016-04-26,female,Stellar
"이달의 소녀 (LOONA) ""위성(Satellite)"" Dance Practice Video",2hC8wu2pbJw,2019-03-11,female,LOONA
"Wonder Girls ""Candle (Feat. Paloalto)"" Dance Practice",PEvkPCcFDf4,2015-08-11,female,Wonder Girls
"이달의 소녀 (LOONA) ""색깔(Colors)"" Dance Practice Video",jnl9fkw-zd8,2019-03-15,female,LOONA
[SPECIAL VIDEO] PRISTIN(프리스틴) - 'Black Widow' Dance Practice,BkFM40KcPAM,2017-05-14,female,Pristin
"TWICE(트와이스) ""1 TO 10"" Dance Practice Video",oygnWGnh60s,2016-11-05,female,Twice
IZ*ONE (아이즈원) - 하늘 위로 Dance Practice,IsUVaQOj0fs,2019-05-18,female,IZ*ONE
"ITZY ""CHERRY"" Dance practice",SVr8u0FEpHA,2019-08-05,female,ITZY
Weki Meki 위키미키 - True Valentine DANCE PRACTICE,T9D6n-2afnM,2018-10-31,female,Weki Meki
Rocket Punch(로켓펀치) ‘Love Is Over’ DANCE PRACTICE (Christmas ver.),mpzEbED87fs,2019-12-25,female,Rocket Punch
GFRIEND 여자친구 White(하얀마음) Dance Practice,7BVjk_iz4XY,2015-01-15,female,GFriend
Rainbow(레인보우) - Bad Man Crying(나쁜 남자가 운다) Dance Practice Ver.,ZSC90PIoQkw,2015-03-05,female,Rainbow
소나무(SONAMOO) - 빙그르르(Round N Round) 안무영상(Dance Practice),G0Ad7Ofr9B8,2015-09-04,female,Sonamoo
"Wonder Girls ""Rewind"" Dance Practice",6WrHiUL-8fk,2015-08-20,female,Wonder Girls
AOA - Luv Me 안무연습영상 (Dance Practice),OoVeFOeVfLg,2017-08-21,female,AOA
"[핑크판타지] ""레몬사탕(Lemon Candy)"" Dance Practice (PinkFantasy)",lboMv0XhSus,2021-01-23,female,Pink Fantasy
체리블렛 (Cherry Bullet) – 'Love So Sweet' DANCE PRACTICE,ynzRcQcBZs8,2021-01-29,female,Cherry Bullet
송지은(SONGJIEUN) - 예쁜나이 25살 안무영상(Dance Practice),EWw0efMs-8I,2014-10-30,female,Song Jieun
현아 (HyunA) - 'I'm Not Cool' Dance Practice,sbu_4j_wfsQ,2021-02-12,female,Hyuna
BUBIBU_Dance Practice,EKdL6F5ZRmw,2012-07-18,female,Apink
"Wonder Girls(원더걸스) ""Why So Lonely"" Dance Practice Video",Ne7MMoHCZeY,2016-07-14,female,Wonder Girls
퍼플키스(PURPLE KISS) 'Ponzona' Dance Practice,ZEzMVFII3V8,2021-03-23,female,Purple Kiss
블라블라(Blah Blah) - 참 잘했어요(Good Job) 안무 영상 Dance Practice Video,cNPnilwHJmo,2018-01-12,female,Blah Blah
[IU] '라일락(LILAC)'  DANCE PRACTICE,0SQOmwa25dw,2021-03-27,female,IU
김세정(KIM SEJEONG) - 'Warning (Feat. lIlBOI)' Dance Practice Video,YzFQBB_mseI,2021-04-07,female,KIM SEJEONG
STAYC(스테이씨) 'ASAP' Dance Practice,ib0O8EHP1jk,2021-04-10,female,StayC
"[Dance Practice] 엄정화 Uhm Jung Hwa, 리아킴 Lia Kim - Ending Credit",o1_0G3IAKNY,2018-01-05,female,Uhm Junghwa
[Dance Practice] 엄정화 Uhm Jung Hwa - Dreamer,dDa542daBd8,2016-12-28,female,Uhm Junghwa
[Dance Practice] 엄정화 Uhm Jung Hwa - Watch Me Move,dFgY-IE0e20,2016-12-28,female,Uhm Junghwa
[Dance Practice] 우주소녀(WJSN) - Last Dance,tI00aZyjuAs,2021-04-19,female,WJSN
LUNA 루나 '운다고 (Even So)' Dance Practice,lLSaS_mzwQM,2019-01-07,female,Luna
퍼플키스(PURPLE KISS) 'Skip Skip' Dance Practice,tHKwLFxKV2M,2021-04-20,female,Purple Kiss
HYOYEON 효연 'Wannabe (Feat. San E)' Dance Practice,th-zuqzhURM,2017-06-07,female,Hyo
[LUNARSOLAR] 루나솔라 'DADADA' DANCE PRACTICE (Suit Ver.),lguJwTa8SDw,2021-04-30,female,Lunarsolar
핫이슈 (HOT ISSUE) '그라타타 (GRATATA)' Dance Practice,u92UiFUU8DY,2021-05-01,female,Hot Issue
"ITZY ""마.피.아. In the morning"" Dance Practice (Moving Ver.)",cFxce4OPmLE,2021-05-02,female,ITZY
STAYC(스테이씨) 'SO WHAT' Dance Practice,hW_8G2XsGAs,2021-05-12,female,StayC
Girls Girls - Deal (dance practice) DVhd,0PfM_sXychs,2015-12-09,female,Girls Girls
아이씨유(ICU) - 'Look at Me' DANCE PRACTICE VIDEO,sqrr-M9I1Qw,2021-05-16,female,ICU
[Dance Practice] 우주소녀 더 블랙 (WJSN THE BLACK) - Easy,bXEY46uncwg,2021-05-19,female,WJSN THE BLACK
[Dance Practice] 로켓펀치(Rocket Punch) - 'Ring Ring',Fq2N_ojteYw,2021-05-20,female,Rocket Punch
블링블링(Bling Bling) 'Oh MAMA' Dance Practice,vCZjs3f6Q6E,2021-05-21,female,Bling Bling
[CHOREOGRAPHY] Fanxy Red (팬시레드) 'T.O.P' Dance Practice,Qd-LDWmUzEM,2019-09-18,female,Fanxy Red
woo!ah! (우아!) – 'Purple' Dance Practice (Fixed Ver.),bgVynCqj3I0,2021-05-29,female,WOOAH
woo!ah! (우아!) – 'Purple' Dance Practice (Moving Ver.),Nshdr15GUvU,2021-06-01,female,WOOAH
[Dance Practice] 우주소녀 더 블랙 (WJSN THE BLACK) - Easy (Rooftop ver.),zFf5__U0uZg,2021-06-02,female,WJSN THE BLACK
JOY 조이 '안녕 (Hello)' Dance Practice,aanAm3cuDac,2021-06-15,female,Joy
SATURDAY(세러데이) -  Super Bad 안무영상(Dance Practice),ljKcFsTYBsE,2019-02-21,female,Saturday
IZ*ONE (아이즈원) - O' My! Dance Practice,56XuG4JrByk,2018-10-29,female,IZ*ONE
aespa 에스파 'Next Level' aespa Company ver. Dance Practice,IMpXNQ-MLT4,2021-06-19,female,Aespa
TWICE “Alcohol-Free” Dance Practice Video,9ELyfj8NcjM,2021-06-19,female,Twice
핑크판타지(Pink Fantasy) |  '독(Poison)' Dance Practice Video,ENRRALHDVvM,2021-06-22,female,Pink Fantasy
IZ*ONE (아이즈원) - 'Sequence' Dance Practice,49XOs_pibB4,2020-12-07,female,IZ*ONE
블링블링(Bling Bling) 'Milkshake' Dance Practice,2dARXIaNpSc,2021-07-05,female,Bling Bling
Weki Meki 위키미키 - Sweet Dreams DANCE PRACTICE,8mD29ZlYVXc,2021-07-06,female,Weki Meki
"AleXa (알렉사) – ""Xtra"" Dance Practice",gO1FxIGVFyA,2021-07-08,female,AleXa
러블리즈(Lovelyz) '이야기꽃' Dance Practice,z8TU-Hgmr3c,2020-09-16,female,Lovelyz
"러블리즈(Lovelyz) ""Ah-Choo"" Dance Practice",W20xJdBkLRM,2015-10-21,female,Lovelyz
러블리즈(Lovelyz) “찾아가세요” Dance Practice,Az3HVwVracc,2018-12-18,female,Lovelyz
"러블리즈(Lovelyz) ""종소리 (Twinkle)"" Dance Practice",6frY33IECzE,2017-12-24,female,Lovelyz
러블리즈(Lovelyz) “그 시절 우리가 사랑했던 우리(Beautiful Days)” Dance Practice,SYUcnx-USXM,2019-05-28,female,Lovelyz
"러블리즈(Lovelyz) ""지금, 우리"" Dance Practice (Pajamas Ver.)",BocJd6I05Vk,2017-05-15,female,Lovelyz
"러블리즈(Lovelyz) ""WoW!"" Dance Practice",EORY7Gxd0kY,2017-03-23,female,Lovelyz
"이달의 소녀 (LOONA) ""PTT (Paint The Town)"" Dance Practice Video",0OI-bcOWEUY,2021-07-30,female,LOONA
글램 - I LIKE THAT dance practice,ftZaeOZHYdk,2013-01-09,female,Glam
SKYLE(스카이리) - 천사의 날개를 내게줘 (FLY UP HIGH) Dance Practice,C-fjTAxdGeo,2021-08-12,female,Skyle
MAKAMAKA(마카마카) - 'Hey U' Dance Practice,sztUzvcGV6M,2021-08-13,female,Makamaka
【王霏霏Fei】【Stalker窥探者】舞蹈练习室视频Dance Practice Video,UpOF_R6hL4k,2021-08-18,female,Fei
선미 (SUNMI) 'You can't sit with us' Dance Practice (Cheerleading Ver.),w98G3_T4Wwk,2021-08-30,female,Sunmi
PRITTI-G(프리티지) - ' 안녕(Hola) ' Dance Practice,AEz3IoonX2Q,2021-09-06,female,Pritti-G
STAYC(스테이씨) '색안경 (STEREOTYPE)' Dance Practice,R91BHmNS6yQ,2021-09-07,female,StayC
GI(지아이) _ BEATLES Dance Practice(안무 연습 영상),HD0xYZc2PXc,2013-04-11,female,GI
퍼플키스(PURPLE KISS) 'Zombie' Dance Practice,pdQX-SMYX2M,2021-09-14,female,Purple Kiss
퍼플키스(PURPLE KISS) '돼지 목에 진주 목걸이(Cast pearls before swine)' Dance Practice,KNbw_cuNoQw,2021-09-13,female,Purple Kiss
LISA - 'LALISA' DANCE PRACTICE VIDEO,ZJ6QQLDIzrI,2021-09-16,female,Lisa
PRITTI-G(프리티지) - ' Buckle up'  Dance Practice,RC66xW9JxWg,2021-09-20,female,Pritti-G
Rocket Punch 'Bubble Up!' Dance Practice,0Ar41kC-ECk,2021-07-13,female,Rocket Punch
"ITZY ""LOCO"" Dance Practice (5K)",jr9lqsHUS-o,2021-09-27,female,ITZY
ICHILLIN'(아이칠린) - GOT'YA Dance Practice,ZxH26v3aubQ,2021-10-01,female,Ichillin'
핫이슈 (HOT ISSUE) 'ICONS' Dance Practice,MyCsXbVO7fw,2021-10-05,female,Hot Issue
"ITZY ""SWIPE"" Dance Practice (5K)",WfMHIJ-mkBQ,2021-10-06,female,ITZY
Weki Meki 위키미키 - Moya Moya DANCE PRACTICE,ktcQZotG9DQ,2020-08-10,female,Weki Meki
DREAMCATCHER -「Endless Night」Dance Practice,Ci-ebs6w97s,2020-03-12,female,Dreamcatcher
LISA - 'MONEY' DANCE PRACTICE VIDEO,fr-eHz87XoM,2021-10-10,female,Lisa
TRI.BE(트라이비) '우주로(WOULD YOU RUN)' Dance Practice,EEEDETSdSyw,2021-10-15,female,Tri.be
Weki Meki 위키미키 - 100 FACTS (COOL Eng. Ver.) SPECIAL DANCE PRACTICE : HALLOWEEN Ver.,6oWWLu-7odY,2020-10-31,female,Weki Meki
Weki Meki 위키미키 - OOPSY DANCE PRACTICE,jx43yf96AmI,2020-06-19,female,Weki Meki
Weki Meki 위키미키 - DAZZLE DAZZLE DANCE PRACTICE,0ClsnOo0Pu0,2020-02-23,female,Weki Meki
"LOONA(今月の少女) ""HULA HOOP"" Dance Practice Video",GdllW3A0Q8k,2021-10-22,female,LOONA
[BLACKSWAN] 'Close to Me' Dance Practice,WvbTDzOcTr4,2021-10-26,female,Blackswan
CL - Tie a Cherry (Dance Practice Video),VE3pHAs5kRA,2021-10-29,female,CL
[드림노트] 'GHOST' Dance Practice,9LeMdXQKNLo,2021-10-29,female,DreamNote
bugAboo(버가부) - 'bugAboo'ᅵDANCE PRACTICE VIDEO,X1XTppgtB50,2021-10-29,female,bugAboo
조유리 (JO YURI) | 'GLASSY' Dance Practice (Chic ver.),X8X8IUgseZA,2021-10-30,female,Jo Yuri
핑크판타지(Pink Fantasy) | '기기괴괴(奇奇怪怪)' Dance Practice Video,v72ACEbzWSc,2021-11-07,female,Pink Fantasy
[Dance practice Video] : '손들어(Hands Up)' 안무 Full ver.,EFPYeQY40Kw,2015-11-14,female,WANNA.B
JEON SOMI - ‘XOXO’ DANCE PRACTICE VIDEO,B9iQHLLdkUY,2021-11-12,female,Somi
Hi-L (하이엘) - 아름다운 밤 (Beautiful Night) Dance Practice,PPlsINHwM7Y,2021-11-16,female,Hi-L
Hi-L (하이엘) - Too Too (22) Dance practice,mxoKS4B7WRg,2021-08-12,female,Hi-L
"SECRET NUMBER ""불토(Fire Saturday)"" Dance Practice",RgEAMqSUNoQ,2021-11-23,female,Secret Number
시그니처(cignature) - 'Boyfriend' Dance Practice Video (FIX ver.),LyiRyIwMsMo,2021-12-04,female,cignature
IVE 아이브 'ELEVEN' DANCE PRACTICE (Fix ver.),EzyWv-eiABA,2021-12-07,female,IVE
lilli lilli (릴리릴리) ‘BARCODE’ DANCE PRACTICE,DV55e9LGC9Y,2021-12-01,female,lilli lilli
EVERGLOW - 'Pirate' DANCE PRACTICE,v20KGhMMa6s,2021-12-08,female,Everglow
Rocking doll (록킹돌) 'Rocking Doll' Dance Practice,6ftFZ-Irngs,2021-12-20,female,Rocking Doll
키아라(KIARA) - Pick Me Up #안무영상 (Dance Practice),EOqR3CazUEU,2021-12-22,female,Kiara
Kep1er 케플러 | 'O.O.O' Dance Practice,kIg9vrJbFIY,2021-11-09,female,Kep1er
TRI.BE(트라이비) 'The Bha Bha Song' Dance Practice Video (Japanese Ver.),UDJJ4OCho2Y,2022-01-04,female,Tri.be
TRI.BE(트라이비) 'The Bha Bha Song' Dance Practice Video (Chinese Ver.),-GAGHbb_23Q,2022-01-04,female,Tri.be
Kep1er 케플러 | 'WA DA DA' Dance Practice,UuYXLLas-5k,2022-01-08,female,Kep1er
woo!ah! (우아!) – '별 따러 가자' (Catch the Stars) Dance Practice,HP-6jTlqVWY,2022-01-14,female,WOOAH
MOMOLAND X NATTI NATASHA 'Yummy Yummy Love' Dance Practice,sbkoaBrLU4U,2022-01-16,female,Momoland + Natti Natasha
AleXa (알렉사) – 'TATTOO' (타투) Dance Practice,dOmWGC1-pm8,2022-01-17,female,AleXa
SKYLE(스카이리) - 给我天使之翼 (FLY UP HIGH) Dance Practice,OFon4_TGaGs,2022-01-27,female,Skyle
YENA(최예나) - 'SMILEY' Dance Practice,XDMvlHlZOh0,2022-02-03,female,YENA
[문별] 'LUNATIC' Dance Practice Video,NInmDK2Cyhw,2022-02-04,female,Moonbyul
GOT the beat 'Step Back' Dance Practice,I5SJZn-XqI4,2022-02-06,female,GOT the beat
VIVIZ (비비지) - 'BOP BOP!' Dance Practice (Fix ver.),LXeQYdatXBM,2022-02-10,female,VIVIZ
Rocking doll (록킹돌) | 'Heart Rider' Dance Practice,KIsv3O1bI8Q,2022-02-15,female,Rocking Doll
STAYC(스테이씨) 'RUN2U' Dance Practice,JRGy08dQaZ8,2022-02-22,female,StayC
"[NMIXX] ""O.O"" Dance Practice",DJYYqCl7emc,2022-02-27,female,Nmixx
Cherry Bullet (체리블렛) – ‘Love In Space’ DANCE PRACTICE,xw6s52yrhWQ,2022-03-04,female,Cherry Bullet
"K ""Waiting For U"" Dance Practice",cwwGupvSA0o,2022-02-19,female,K
[STAGE Dance Practice] 安俊浠Roy - Blow My Mind | Dance Practice,9wqt0hMOycs,2021-05-25,female,Roy
TAEYEON 태연 'INVU' Dance Practice,ZuQOZ06LBak,2022-03-08,female,Taeyeon
HYOLYN (효린) ‘Layin' Low (feat. Jooyoung)’ Dance Practice,FnMuvTCvUAY,2022-01-17,female,Hyolyn
[Dance Practice] 로켓펀치(ROCKET PUNCH) - 'CHIQUITA',tmca4H7zK14,2022-03-18,female,Rocket Punch
"CRAXY(크랙시) - ""Trigger"" Dance Practice Video",_Ie3bEdxSoY,2022-03-20,female,Craxy
"[NMIXX] ""占 (TANK)"" Dance Practice",kY1zVcDhUSU,2022-03-31,female,Nmixx
Red Velvet 레드벨벳 'Feel My Rhythm' Dance Practice,pokccDdB3RE,2022-03-31,female,Red Velvet
프리티지(PRITTI-G) 'Let Me Out' Dance Practice,_VjtB1Xi3cs,2022-04-04,female,Pritti-G
ITZY #Twenty Dance Practice (4K),TrGOcSlL37c,2022-04-10,female,ITZY
IVE 아이브 'LOVE DIVE' DANCE PRACTICE,Bo2aD_I7-1U,2022-04-11,female,IVE
권은비(KWON EUN BI) 'Glitch' Dance Practice (Fix ver.),fBHJYkbZzec,2022-04-11,female,Kwon Eunbi
퍼플키스(PURPLE KISS) 'Pretty Psycho' Dance Practice,CKtfpyOggig,2022-04-25,female,Purple Kiss
[JUNIEL] 귀여운남자 (Pretty Boy) Dance Practice,qkNEoNxyB1w,2013-05-04,female,Juniel
"CLASS:y(클라씨) ""SHUT DOWN"" Dance Practice Video",-pmSOcqu4lA,2022-05-08,female,CLASS:y
LE SSERAFIM (르세라핌) ‘FEARLESS’ Dance Practice (Moving ver.),BPUxQT89nEA,2022-05-08,female,LE SSERAFIM
"걸카인드XJR(GIRLKIND XJR) ""머니토크(MONEY TALK)"" Dance Practice Video",YciqSyKrCnM,2019-08-31,female,Girlkind XJR
LE SSERAFIM (르세라핌) 'FEARLESS' Dance Practice (Fix ver.),Cm_yIF0erqY,2022-05-15,female,LE SSERAFIM
[예린] 예린(YERIN) - 'ARIA' DANCE PRACTICE,s9PzfizugUg,2022-05-22,female,Yerin
BVNDIT(밴디트) - “VENOM” Dance Practice,A-DBmLElxYM,2022-05-30,female,BVNDIT
[예린] 예린(YERIN) - [ARIA] SPECIAL DANCE PRACTICE,bhyhlJ31rSI,2022-05-31,female,Yerin
HYO 효연 'DEEP' Dance Practice,fnNuE1NgYVo,2022-06-02,female,Hyo
"SECRET NUMBER ""둠치타(DOOMCHITA)"" Dance Practice",em4fo0JHEic,2022-06-18,female,Secret Number
ICHILLIN'(아이칠린) La Luna(달의 아이) DANCE PRACTICE,-_QqI7WEzks,2022-06-18,female,Ichillin'
Lapillus 'HIT YA!' Dance Practice (FIX ver.),68pOprgrXPU,2022-06-23,female,LAPILLUS
Lapillus 'HIT YA!' Dance Practice (Moving ver.),1CHs4M-4zko,2022-06-29,female,LAPILLUS
aespa 에스파 '도깨비불 (Illusion)' Dance Practice,0lXwMdnpoFQ,2022-07-01,female,Aespa
Red Velvet 레드벨벳 'Feel My Rhythm' Dance Practice,veVFXmHGiEA,2022-07-01,female,Red Velvet
HYO 효연 'DEEP' Dance Practice,PkGk0P5G-NY,2022-07-01,female,Hyo
VIVIZ (비비지) - 'LOVEADE' Dance Practice (Fix ver.),gLFM_vL1TpI,2022-07-11,female,VIVIZ
"ITZY ""SNEAKERS"" Dance Practice (4K)",72xTFQgLl7I,2022-07-16,female,ITZY
[Dance Practice] 우주소녀 (WJSN) - Last Sequence,x835pFYR3Aw,2022-07-18,female,WJSN
STAYC(스테이씨) 'BEAUTIFUL MONSTER' Dance Practice,dWCqTsGzuR0,2022-07-21,female,StayC
IRRIS (아이리스) 'WANNA KNOW' Dance Practice,hKkV0YI1muE,2022-07-23,female,IRRIS
HYOLYN (효린) 'NO THANKS' Dance Practice,cp809eGpi48,2022-07-26,female,Hyolyn
퍼플키스(PURPLE KISS) 'Nerdy' Dance Practice,BIh-I0aFKrs,2022-08-02,female,Purple Kiss
니콜(Nicole) - MAMA 안무영상(Dance Practice),9R2QCJ_75O8,2014-11-27,female,Nicole Jung
BoA 보아 'Better' Dance Practice,1DhepiUn0L4,2022-08-05,female,BoA
"이달의 소녀 (LOONA) ""Flip That"" Dance Practice Video",GQluH01E5t4,2022-08-10,female,LOONA
CRAXY(크랙시) - 'Undercover' Dance Practice,Qk0whUXFURg,2022-08-18,female,Craxy
NewJeans (뉴진스) 'Attention' Dance Practice,1VAn7CX_omg,2022-08-18,female,NewJeans
NewJeans (뉴진스) 'Cookie' Dance Practice,9yXe2HXcqcQ,2022-08-18,female,NewJeans
NewJeans (뉴진스) 'Hype Boy' Dance Practice,9JcJ5E1BloU,2022-08-18,female,NewJeans
BLACKPINK - ‘Pink Venom’ DANCE PRACTICE VIDEO,RFMi3v0TXP8,2022-08-24,female,Blackpink
NewJeans (뉴진스) 'Cookie' Dance Practice (ver.2),yM5JW2kK3yw,2022-08-26,female,NewJeans
NewJeans (뉴진스) 'Hype Boy' Dance Practice (ver.2),XcqAB1tIfhg,2022-08-26,female,NewJeans
NewJeans (뉴진스) 'Attention' Dance Practice (ver.2),mzkbi6xNmSg,2022-08-26,female,NewJeans
마카마카(Maka`Maka) - 버닝파워(Burning Power) Dance Practice Video,SvE0bB4m0Us,2020-08-06,female,Makamaka
MAKAMAKA(마카마카) _ Hey U(헤이유) Dance Practice,-GzSzcNRgXQ,2022-04-01,female,Makamaka
NewJeans (뉴진스) 'Cookie' Dance Practice (ver.3),a6QHqiQXkjA,2022-08-28,female,NewJeans
NewJeans (뉴진스) 'Hype Boy' Dance Practice (ver.3),DAjNQv5TXfU,2022-08-28,female,NewJeans
NewJeans (뉴진스) 'Attention' Dance Practice (ver.3),Sv2MLXAT8Bw,2022-08-28,female,NewJeans
IVE 아이브 'After LIKE' DANCE PRACTICE,J98RARuY_wU,2022-08-29,female,IVE
PRITTI-G(프리티지) 'LOVE TAKER' Dance Practice,IwjHTZxQtME,2022-09-02,female,Pritti-G
H1-KEY(하이키) 'RUN' DANCE PRACTICE,IFzgyMAXP1E,2022-07-14,female,H1-KEY
CRAXY(크랙시) - 'REQUIEM' Dance Practice,A35pOwEOMLQ,2022-09-09,female,Craxy
"선예(SUNYE) ""Genuine"" Dance Practice",vHextbMjqB8,2022-09-14,female,Sunye
YOUHA (유하) - Last Dance Dance Practice Video,LejB3A3Wh18,2022-09-15,female,Youha
[Dance Practice] 로켓펀치(ROCKET PUNCH) - 'FLASH',tl7t2vQ_l84,2022-09-15,female,Rocket Punch
"15& ""Somebody"" Dance Practice",YzaE8L6oFbI,2013-04-10,female,15&
"15& ""I Dream"" Dance Practice",MLPQNJfIlK4,2012-10-08,female,15&
ADORA(아도라) 'Magical Symphony' Dance Practice,1egzV-szYXU,2022-10-01,female,ADORA
Lapillus 'GRATATA' Dance Practice (FIX ver.),amzhZBW8l-g,2022-10-08,female,LAPILLUS
SEULGI 슬기 '28 Reasons' Dance Practice,_xrXcpALwBA,2022-10-11,female,Seulgi
mimiirose(미미로즈) - ‘Rose’ DANCE PRACTICE VIDEO,BDBOHzZpZio,2022-10-17,female,mimiirose
Kep1er 케플러 | 'We Fresh' Dance Practice,x4iBOy6sZOw,2022-10-18,female,Kep1er
권은비(KWON EUN BI) 'Underwater' Dance Practice,6drcAnRLAT0,2022-10-18,female,Kwon Eunbi
LE SSERAFIM (르세라핌) ‘ANTIFRAGILE’ Dance Practice (Fix ver.),8x43gsnkBH8,2022-10-20,female,LE SSERAFIM
Lapillus 'GRATATA' Dance Practice (릴레이댄스 ver.),ENCrpbnrLMA,2022-10-21,female,LAPILLUS
mimiirose(미미로즈) - ‘Kill Me More’ DANCE PRACTICE VIDEO,EgZmVRnd3jQ,2022-10-23,female,mimiirose
H1-KEY(하이키) 'Catch 'n' Release' DANCE PRACTICE (Halloween Ver.),LbkfAhYzrJg,2022-10-27,female,H1-KEY
BESTie - Excuse Me - mirrored dance practice video - 베스티 익스큐즈미 안무영상,7C3O4oZBK2k,2015-09-30,female,BESTie
"CLASS:y(클라씨) ""Tick Tick Boom"" Dance Practice Video (Day Ver.)",B8nqW0Gl3aY,2022-11-05,female,CLASS:y
NATURE(네이처) 'LIMBO!(넘어와)' 4K Dance Practice (CHOREOGRAPHY Video),7wt9lO-qpWg,2022-11-08,female,Nature
조유리 (JO YURI) | 'Loveable' Dance Practice,wlSnE_Tykig,2022-11-11,female,Jo Yuri
JOY 조이 ‘안녕 (Hello)’ Dance Practice,g9jb-9DUmBY,2022-11-11,female,Joy
"CLASS:y(클라씨) ""ZEALOUS"" Dance Practice Video (Day Ver.)",6-HtXQnD_W0,2022-11-12,female,CLASS:y
CRAXY(크랙시) - 'Poison Rose' Dance Practice Moving ver.,nNwfXAixIl0,2022-11-14,female,Craxy
CRAXY(크랙시) - 'Poison Rose' Dance Practice Fix ver.,71_XUwJ7oW8,2022-11-14,female,Craxy
조유리 (JO YURI) | 'Loveable' Dance Practice (Dressy ver.),gZXzGq0dCFs,2022-11-15,female,Jo Yuri
"CLASS:y(클라씨) ""ZEALOUS"" Dance Practice Video (Night Ver.)",tRwAFITFuPI,2022-11-16,female,CLASS:y
AleXa (알렉사) – 'Back In Vogue' Dance Practice,N_Y2QCYbjBY,2022-11-18,female,AleXa
LE SSERAFIM (르세라핌) ‘Impurities’ Dance Practice,P5a4HVYZrFo,2022-11-19,female,LE SSERAFIM
앨리스(ALICE) 'DANCE ON' Dance Practice Video,MwM3auICbG4,2022-11-19,female,Alice
LE SSERAFIM (르세라핌) ‘No Celestial’ Dance Practice,pGX1SI8fCRE,2022-11-20,female,LE SSERAFIM
ARTBEAT (아트비트) ‘MAGIC’ Dance Practice (Fix ver.),Vez-7nzL59A,2022-11-21,female,ARTBEAT v
MAMAMOO「gogobebe -Japanese ver.-」dance practice映像,WaPHam_ecOA,2019-07-31,female,Mamamoo
첫사랑(CSR) '러브티콘 (♡TiCON)' DANCE PRACTICE (ON/OFF ver.),wQtxD6y6PZE,2022-11-24,female,CSR
BoA 보아 'Forgive Me' Dance Practice,vzufLAa6-5U,2022-11-25,female,BoA
STAYC(ステイシー)'POPPY' Dance Practice,kFw7ZWRydwU,2022-11-26,female,StayC
"SECRET NUMBER ""TAP"" Dance Practice",f1gLFmvf55g,2022-11-29,female,Secret Number
"ITZY ""Cheshire"" Dance Practice (4K)",LSSe3eMkxvk,2022-11-30,female,ITZY
ICHILLIN’(아이칠린) ‘Draw(MY TIME)’ Dance Practice,q7-_fh7rUQQ,2022-12-01,female,Ichillin'
스텔라(STELLAR) - 멍청이(Fool) 안무영상 (Dance Practice),wNkUO4VTkNg,2015-04-05,female,Stellar
스텔라(STELLAR) - 찔려(Sting) 드레스 ver. 안무영상 (Dance Practice Dress ver.) (부제 : 신부들의 반란),S18BCKkV604,2016-01-25,female,Stellar
스텔라(STELLAR) 찔려(Sting) 새해 한복.ver 안무영상(Dance Practice),Z4A-4j7Gkc0,2016-02-08,female,Stellar
BYE BYE BYE DANCE PRACTICE,eCrCLSIntyI,2022-12-08,female,Skyle
ARTBEAT (아트비트) ‘APHRODITE (아프로디테)’ Dance Practice (Fix ver.),uYWEcYbMz5U,2022-12-10,female,ARTBEAT v
Red Velvet 레드벨벳 'Birthday' Dance Practice,P2WVtvuyWlc,2022-12-10,female,Red Velvet
BoA ボア 'The Greatest' Dance Practice,Ul-gTqR1xuA,2022-12-11,female,BoA
시크릿(SECRET) - I'm In Love 안무영상(Dance Practice),t_sE1A8jEKE,2014-08-15,female,Secret
[Dance Practice] 우주소녀(WJSN) _ 비밀이야 (Secret),6936eOyflMk,2016-08-24,female,WJSN
Weki Meki 위키미키 - Crush DANCE PRACTICE,wzoZRUnk1Xc,2018-10-14,female,Weki Meki
[IZ*ONE] IZ*ONE(아이즈원) - 내꺼야 (PICK ME) Dance Practice 12.ver,YGiLQUc8x5E,2018-10-05,female,IZ*ONE
"ITZY ""Cheshire"" Dance Practice (Christmas Ver.) | Amazon Music Specials @amazonmusic",H2nb2yf0_14,2022-12-20,female,ITZY
CLASS:y 'ZEALOUS' Dance Practice Video (Christmas Ver.),ACnX732TN44,2022-12-25,female,CLASS:y
NewJeans (뉴진스) 'Ditto' Dance Practice,G_1zDzhAz9w,2023-01-01,female,NewJeans
NewJeans (뉴진스) 'OMG' Dance Practice,_Xs1ZCMfa2Y,2023-01-06,female,NewJeans
H1-KEY(하이키) '건물 사이에 피어난 장미 (Rose Blossom)' Dance Practice,AqekeZJEDLs,2023-01-10,female,H1-KEY
PRISTIN 'WEE WOO' Dance Practice Right Answer Ver.,rAp6Q9bnk7k,2017-03-29,female,Pristin
cignature(시그니처) - '오로라(AURORA)' Dance Practice (FIX ver.),yNnmc4SnfQQ,2023-01-19,female,cignature
GOT the beat 갓 더 비트 'Stamp On It' Dance Practice,mE9mj48t7s8,2023-01-21,female,GOT the beat
cignature(시그니처) - '오로라(AURORA)' Dance Practice (Close up ver.),01CPT7kiQuY,2023-01-26,female,cignature
cignature(시그니처) - '오로라(AURORA)' Special Dance Practice (FIX ver.),545MSsWwyDg,2023-02-10,female,cignature
cignature(시그니처) - '오로라(AURORA)' Special Dance Practice (Close up ver.),hCjDsXG_4LI,2023-02-13,female,cignature
VIVIZ (비비지) - 'PULL UP' Dance Practice (Fix ver.),RFf1j7YLSCI,2023-02-14,female,VIVIZ
Kep1er 케플러 | 'WA DA DA (Japanese ver.)~IMLAY Remix~' Dance Practice,uIEw3NdgetI,2023-02-15,female,Kep1er
STAYC(스테이씨) 'Teddy Bear' Dance Practice,_NZ8pGF3R-w,2023-02-15,female,StayC
DIA 다이아 - 미스터포터 (Mr.Potter) Dance Practice Video,_Nx6lA6UzXQ,2016-09-28,female,Dia
여자친구 GFRIEND - 오늘부터 우리는 Me gustas tu Dance Practice ver.,DMOaEdw4KJM,2015-08-06,female,GFriend
CLASS:y “TARGET” Dance Practice,3P7N_tcRkb0,2023-02-17,female,CLASS:y
퍼플키스(PURPLE KISS) 'Sweet Juice' Dance Practice,V_7T6uekK4I,2023-02-19,female,Purple Kiss
"[NMIXX] ""DICE"" Dance Practice",JNqluYsjzac,2022-09-22,female,Nmixx
Kep1er 케플러 | 'I do! Do you?' Dance Practice,5XTJclShsyY,2023-03-06,female,Kep1er
퍼플키스(PURPLE KISS) '아지트 (agit)' Dance Practice,yr34wuP09-I,2023-03-07,female,Purple Kiss
NiziU「Paradise」 Dance Practice(Fix ver.),8KiWgdU6S7w,2023-03-08,female,NiziU
"SECRET NUMBER ""LIKE IT LIKE IT"" Dance Practice",5ZsbX7ELy9U,2023-03-10,female,Secret Number
체리블렛 (Cherry Bullet) – 'P.O.W! (Play On the World)' DANCE PRACTICE,4zrw1Qi86IE,2023-03-11,female,Cherry Bullet
CRAXY (크랙시) - Debut Title 'ARIA' Dance Practice,laFReBOYiPE,2020-03-06,female,Craxy
SORN - NOT A FRIEND (Dance Practice),eQ9D4Gg1_a0,2023-03-13,female,Sorn
"[NMIXX] ""Young, Dumb, Stupid"" Dance Practice",JiyfmTqDvjg,2023-03-13,female,Nmixx
XG - SHOOTING STAR (Dance Practice Moving ver.),2HUyHFWAjgM,2023-02-02,female,XG
XG - SHOOTING STAR (Dance Practice Fix ver.),NNooo5vox8o,2023-02-01,female,XG
XG - LEFT RIGHT (Dance Practice Fix ver.),RB1i1MLYeQ4,2023-02-18,female,XG
XG - Tippy Toes (Dance Practice Fix ver. ),xl1Ms2VnaYM,2022-03-27,female,XG
XG - MASCARA (Dance Practice Fix ver. ),LhHEITF1qGE,2022-07-15,female,XG
NiziU「Paradise」 Dance Practice(Moving ver.),xRJFPLHVZ9g,2023-03-16,female,NiziU
"[NMIXX] ""Love Me Like This"" Dance Practice",jtgiABge4XE,2023-03-23,female,Nmixx
"CRAXY (크랙시) ""NUGUDOM"" Dance Practice Fix ver.",n3J4zhn6WWs,2023-03-24,female,Craxy
"CRAXY (크랙시) ""NUGUDOM"" Dance Practice Moving ver.",lWh-JBjfFfY,2023-03-28,female,Craxy
Rocking doll Ahri (록킹돌 아리) | 'Eyes On Me' MV Dance Practice,GrpPb1hzt7g,2023-03-30,female,Ahri
Kep1er 케플러 | 'Giddy' Dance Practice,yzNY2lLqw6k,2023-04-12,female,Kep1er
첫사랑(CSR) '빛을 따라서 (Shining Bright)' DANCE PRACTICE (ON/OFF ver.),FYgmbKzxwak,2023-04-14,female,CSR
"립서비스 (Lip Service) - ""유치뽕"" 안무영상 (""Puppy Love"" Dance Practice)",30JiHbkXO4w,2014-10-13,female,Lip Service
IVE 아이브 'Kitsch' DANCE PRACTICE,QXQOmXnxyvY,2023-04-17,female,IVE
IVE 아이브 'I AM' DANCE PRACTICE,0ZzQjfQCkQs,2023-04-18,female,IVE
LE SSERAFIM (르세라핌) ‘UNFORGIVEN’ Dance Practice (Fix ver.),8S9rHj7gTsA,2023-05-04,female,LE SSERAFIM
[The 1st FIMILY Party] ‘Blue Flame’ Dance Practice (Fix ver.),zyfMsBYukMs,2023-05-02,female,LE SSERAFIM
LE SSERAFIM (르세라핌) ‘UNFORGIVEN’ Dance Practice (Moving ver.),6KpwxRLNrAM,2023-05-06,female,LE SSERAFIM
X:IN 엑신 'KEEPING THE FIRE' DANCE PRACTICE,p7CH8jKJHf4,2023-05-09,female,X:IN
ICHILLIN’(아이칠린) ‘Siren’ Dance Practice,vr_FXZK-UpM,2023-05-14,female,Ichillin'
MIJOO (미주) - Movie Star Dance Practice Video,WOph_XlMCTI,2023-05-19,female,Mijoo
ADYA(에이디야) - ‘Per' DANCE PRACTICE,1ni5-ZnrKxU,2023-05-22,female,ADYA
Kep1er 케플러 | 'LVLY' Dance Practice,tQXRfiEh3e0,2023-05-22,female,Kep1er
미니마니(MINIMANI) '멈춰(Stop) Remix' DANCE PRACTICE,WPc-8oaqjTg,2023-06-02,female,Minimani
"SECRET NUMBER ""독사 (DOXA)"" Dance Practice",qeuFIABXqoE,2023-06-02,female,Secret Number
"LE SSERAFIM (르세라핌) ‘이브, 프시케 그리고 푸른 수염의 아내’ Dance Practice (Fix ver.)",i8aa9aR8srg,2023-06-02,female,LE SSERAFIM
라붐(LABOUM) - Love Game Dance Practice Suit ver.,NeAm8rdl9uk,2018-08-28,female,Laboum
프리티 (PRITTI) - 크리스마스 선물 (Christmas Gifts) Dance Practice,cx3BqFUZ6sE,2016-12-24,female,Pritti-G
"LE SSERAFIM (르세라핌) ‘이브, 프시케 그리고 푸른 수염의 아내’ Dance Practice (Moving ver.)",HrQY0Um8Wxc,2023-06-04,female,LE SSERAFIM
김도아 ( KimDoah ) - 꿈의태엽 ( Dream Walking ) Dance Practice,_MAf5mUGi8I,2023-06-05,female,Doah
퍼플키스(PURPLE KISS) 'Love Is Dead' Dance Practice,qavRL4NQ0Ak,2022-07-25,female,Purple Kiss
"LE SSERAFIM (르세라핌) ‘이브, 프시케 그리고 푸른 수염의 아내’ Dance Practice (Silhouette ver.)",GxiZ8d0a2xE,2023-06-09,female,LE SSERAFIM
FLASHE_LipBomb (DANCE PRACTICE),ZCwMouQ9HfQ,2016-01-07,female,FlaShe
SiaJiwoo (시아지우) 'YUMMY' Dance Practice (Moving Ver.),tFeAnQx9stY,2023-06-13,female,Sia Jiwoo
Lapillus 'Who's Next' Dance Practice (FIX ver.),zqofaJ2STwc,2023-06-23,female,LAPILLUS
YENA(최예나) - 'WICKED LOVE' Dance Practice Video,59OOyLeN8BU,2023-06-26,female,YENA
NewJeans (뉴진스) 'Super Shy' Dance Practice,wU2siJ2c5TA,2023-07-07,female,NewJeans
NewJeans (뉴진스) 'Super Shy' Dance Practice (Fix ver.),qsHvdRA0a6o,2023-07-10,female,NewJeans
NiziU「COCONUT」 Dance Practice,se43gv8NGiI,2023-07-11,female,NiziU
NewJeans (뉴진스) 'New Jeans' Dance Practice,Dg_sagtPGSE,2023-07-12,female,NewJeans
NewJeans (뉴진스) 'ETA' Dance Practice,zzwWzLY7kEo,2023-07-21,female,NewJeans
"ITZY ""None of My Business"" Dance Practice (4K)",r_UVaimHwYo,2023-07-26,female,ITZY
NewJeans (뉴진스) 'ASAP' Dance Practice,5EyMNU8gxZs,2023-07-27,female,NewJeans
XG - GRL GVNG (Dance Practice),CMrlLVbZ2SY,2023-07-30,female,XG
KISS OF LIFE (키스오브라이프) | '쉿 (Shhh)' Dance Practice,5MkRxG6DZPY,2023-07-30,female,Kiss of Life
NewJeans (뉴진스) 'Cool With You' Dance Practice (Fix ver.),f7cNY8vYA2Y,2023-08-01,female,NewJeans
KISS OF LIFE (키스오브라이프) | '쉿 (Shhh)' Dance Practice (Moving Ver.),H9NoW7RBCto,2023-08-01,female,Kiss of Life
"ITZY ""CAKE"" Dance Practice (4K)",pccskexpmIE,2023-08-02,female,ITZY
브브걸 (BBGIRLS) 'ONE MORE TIME' Dance Practice,70u5iprDlqk,2023-08-04,female,BB GIRLS
KISS OF LIFE (키스오브라이프) | '쉿 (Shhh)' Dance Practice (Suit Ver.),hmpYTNYqno0,2023-08-08,female,Kiss of Life
JEON SOMI (전소미) - ‘Fast Forward’ DANCE PRACTICE VIDEO,QZD9n_dq87E,2023-08-07,female,Somi
XG - TGIF (Dance Practice),X-ARlX1ruWE,2023-08-12,female,XG
조유리 (JO YURI) | 'TAXI' Dance Practice,NFCnVLcdYOE,2023-08-12,female,Jo Yuri
STAYC(스테이씨) 'Bubble' Dance Practice,HHxJrgnV8oc,2023-08-18,female,StayC
EVERGLOW - 'SLAY' Dance Practice Video,ieV7K8G3LpM,2023-08-19,female,Everglow
키썸 (Kisum) '냅두세요' Dance Practice Video,EeG_AnfbinI,2023-08-18,female,Kisum
Sorn ft. Seungyeon - Rowdy (Dance Practice),YH-SNR-AfFk,2023-08-20,female,Sorn
ICHILLIN’(아이칠린) ‘Random Beat' Dance Practice (Draft Ver.),0jEqZmLumt4,2023-08-20,female,Ichillin'
[Dance Practice] ‘The Flash' Moving Ver | 권은비(KWON EUNBI),9DNN2e8yqnI,2023-08-22,female,Kwon Eunbi
[Dance Practice] ‘The Flash' Fixed Ver. | 권은비(KWON EUNBI),W2ubDg6ZjI8,2023-08-23,female,Kwon Eunbi
ADYA(에이디야) - ‘왜 불러(What's Up?)' DANCE PRACTICE,N1C14WCoO7Y,2023-08-23,female,ADYA
예린(YERIN) '밤밤밤 (Bambambam)' Dance Practice,v2HvgDQa5nI,2023-08-23,female,Yerin
NiziU「COCONUT」Dance Practice (Moving ver.),2BJDakby-5g,2023-08-25,female,NiziU
Lapillus 'ULALA' Dance Practice (Dramatizing ver.),JuyBKhtaWXg,2023-08-25,female,LAPILLUS
프림로즈(PRIMROSE) 'LAFFY TAFFY' Dance Practice,kZG37Rq6_Y0,2023-08-31,female,PRIMROSE
XG - NEW DANCE (Dance Practice),59gxFvO2fqI,2023-08-31,female,XG
"SECRET NUMBER ""STARLIGHT"" Dance Practice",bBc_hgZhhkg,2023-08-24,female,Secret Number
H1-KEY(하이키) 'SEOUL (Such a Beautiful City)’ Dance Practice,Lkc6MzNuhC8,2023-09-02,female,H1-KEY
"cignature(시그니처) - '안녕, 인사해 (Smooth Sailing)' Dance Practice (FIX ver.)",JMQh9p4ua2A,2023-09-03,female,cignature
"걸크러쉬(GIRL-CRUSH) - '오빠 나 믿지?(Oppa, Do you trust me?)' DANCE PRACTICE VIDEO (RED VER.)",nMOLddIVdTY,2023-02-15,female,Girl Crush
HYO 효연 ‘Picture’ Dance Practice,NO9xfRyDTww,2023-09-04,female,Hyo
"cignature(시그니처) - '안녕, 인사해 (Smooth Sailing)' Dance Practice (Close up ver.)",e5m6FYOePJ0,2023-09-04,female,cignature
cignature(시그니처) - 'Sorry So Sorry' Dance Practice (FIX ver.),RzW85ORNVkc,2023-09-06,female,cignature
X:IN엑신 ‘SYNCHRONIZE’ DANCE PRACTICE,ys0swBViv4s,2023-09-08,female,X:IN
cignature(시그니처) - 'Sorry So Sorry' Dance Practice (Close up ver.),a0cGds8NcV4,2023-09-08,female,cignature
퍼플키스(PURPLE KISS) '7HEAVEN' Dance Practice,lX6NyaA2-_o,2023-09-10,female,Purple Kiss
김세정(KIM SEJEONG) 'Top or Cliff' Dance Practice Video (Fix ver.),7Zbie-hQCH4,2023-09-04,female,KIM SEJEONG
화사 (HWASA) - 'I Love My Body' Dance Practice,vHWR0EB2aE4,2023-09-06,female,Hwasa
X:IN엑신 ‘겁이나(Close my eyes)’ DANCE PRACTICE,11W-xy-BUow,2023-09-13,female,X:IN
김세정(KIM SEJEONG) 'Top or Cliff' Dance Practice Video (Moving ver.),x6CkUOiJG5A,2023-09-04,female,KIM SEJEONG
산다라박 (Sandara Park) 'DARA DARA (Prod. GRAY)' Dance Practice,S8QIlQzYNK4,2023-09-15,female,Sandara Park
mimiirose(미미로즈) - ‘FLIRTING’ DANCE PRACTICE VIDEO,LkkPJetP4OQ,2023-09-17,female,mimiirose
X:IN엑신 ‘Cat & Tiger’ DANCE PRACTICE,yd-jE0nWiZM,2023-09-17,female,X:IN
ITZY「RINGO」Dance Practice,5ia_u_Nt3_U,2023-09-29,female,ITZY
Kep1er 케플러 | 'Galileo' Dance Practice,u2druRP7iq8,2023-10-02,female,Kep1er
IVE 아이브 'Off The Record' DANCE PRACTICE,Kn0NJzKAPLE,2023-10-16,female,IVE
IVE 아이브 'Baddie' DANCE PRACTICE,KAnQ-eNUHOE,2023-10-17,female,IVE
JINI (지니) - C'mon (Feat. Aminé) Dance Practice,sW3b9s-2Pic,2023-10-11,female,JINI
선미 (SUNMI) 'STRANGER' Dance Practice Video,P0XWR3y4Y-E,2023-10-20,female,Sunmi
[Queenz Eye] 'THIS IS LOVE' DANCE PRACTICE,I3zlSTUvJJ8,2023-10-26,female,Queenz Eye
"SUMMER CAKE(썸머케익) ""사람들 앞에선 안돼"" Dance Practice Video",yUHmFiceHUg,2022-03-25,female,SUMMER CAKE
SORA (소라) 'HIT THE ROAD' Dance Practice,gmTOQ0fHX9k,2023-11-01,female,Sora
VIVIZ (비비지) - 'MANIAC' Dance Practice (Fix ver.),a-kYsZkY6oU,2023-11-07,female,VIVIZ
YOUNG POSSE (영파씨) ‘MACARONI CHEESE’ Dance Practice (Fix ver.),zZBVv18jVSU,2023-11-07,female,YOUNG POSSE
"NiziU(니쥬) ""HEARTRIS"" Dance Practice (Fix ver.)",_xASoXJlWHk,2023-11-10,female,NiziU
HeeJin ‘Algorithm' Official Dance Practice Ver. | ARTMS,DaogkKX9uLQ,2023-10-31,female,Heejin
"NiziU(니쥬) ""HEARTRIS"" Dance Practice (Moving ver.)",cykoYePkyRM,2023-11-12,female,NiziU
"NiziU(니쥬) ""Lucky Star"" Dance Practice (Pajama Party ver.)",4QoedLeRevU,2023-11-14,female,NiziU
aespa 에스파 'Drama' Dance Practice,63AddcwtjN0,2023-11-16,female,Aespa
YOUNG POSSE (영파씨) ‘OTB’ Dance Practice (Fix ver.),pqCfC8PL3NM,2023-11-18,female,YOUNG POSSE
HeeJin ‘Video Game' Official Dance Practice Ver. | ARTMS,44vgKVd_AWY,2023-11-02,female,Heejin
Kep1er 케플러 | 'Grand Prix' Dance Practice,OeBUwbPVvkc,2023-11-20,female,Kep1er
(ICU) 아이씨유  'ANTI - HERO'  DANCE PRACTICE,RpVA2KQijQ0,2023-11-23,female,ICU
(ICU) 아이씨유  'ANTI - HERO'  DANCE PRACTICE,suE4Sv9LU8w,2023-11-20,female,ICU
KISS OF LIFE (키스오브라이프) | 'Nobody Knows' Dance Practice,c_jelBQ2S4k,2023-11-25,female,Kiss of Life
JUJUSECRET 주주시크릿 '잠깐만 TIME'_안무 영상 (Dance Practice),9owujGqDQXo,2023-12-02,female,JuJu Secret
NMIXX(엔믹스) ‘Soñar (Breaker)’ Dance Practice (Moving ver.),_sNvoBDAaP0,2023-12-05,female,Nmixx
eite 'INDEPENDENT WOMAN'  Dance Practice ver.,rn0sRz5McBc,2023-12-09,female,eite
eite 'DANCE IT OUT' Dance Practice ver.,__jZ94pe4sc,2023-12-10,female,eite
BABYMONSTER - 'BATTER UP' DANCE PRACTICE VIDEO,buFQulSu-C4,2023-12-12,female,BABYMONSTER
"ITZY ""BORN TO BE"" Dance Practice (4K)",zip9_rpK8dA,2023-12-18,female,ITZY
수진 (SOOJIN) '아가씨' Dance Practice,7jnrTBkDLB4,2023-11-08,female,Soojin
ICHILLIN'(아이칠린) ‘KICK-START(킥스타트)’ Dance Practice (2023 Christmas ver.),bkP63u0meLQ,2023-12-24,female,Ichillin'
Loossemble (루셈블) 'Sensitive' Special Dance Practice (X-mas Ver.),9EoOz-zUurk,2023-12-25,female,Loossemble
"ITZY ""UNTOUCHABLE"" Dance Practice (4K)",pzPSqyoRVnU,2024-01-08,female,ITZY
XG - PUPPET SHOW (Dance Practice),9VlZKf4zvOs,2023-09-27,female,XG
Geenius(지니어스) 'Voyage' Dance Practice,pIpAi5z06b4,2024-01-12,female,Geenius
"ITZY ""Mr. Vampire"" Dance Practice (4K)",e4G2oSaW-mQ,2024-01-14,female,ITZY
YENA(최예나) - 'Good Morning' Dance Practice Video,07iEsFTB9lA,2024-01-17,female,YENA
"LIMELIGHT - ""TA-DA!"" DANCE PRACTICE",hTcNZfWZvZs,2024-01-18,female,LIMELIGHT
[Dance Practice] 유주(YUJU) - 따라랏 (DALALA),04ANHsEDfo8,2023-09-20,female,Yuju
NMIXX(엔믹스) ‘DASH’ Dance Practice,TO1QDWLsPAU,2024-01-19,female,Nmixx
NewJeans (뉴진스) 'ETA' Dance Practice (Fix ver.),tqbe3zu3qjM,2023-07-21,female,NewJeans
XG - Tippy Toes (Dance Practice Moving ver.),lzS-NNKcwTo,2022-03-28,female,XG
XG - LEFT RIGHT (Dance Practice Moving ver.),GKxD81llYqU,2023-02-19,female,XG
YENA(최예나) - 'Good Girls in the Dark' Dance Practice Video,dKTJiNtDnKE,2024-01-19,female,YENA
[안무연습영상] BAMBINO - MAMMAMIA (DANCE PRACTICE) / HOLIC SSO CHOREOGRAPHY,FUY4ytI3xYg,2016-08-24,female,Bambino
[마마무+] ‘GGBB’ Dance Practice Video,YcWJVpI-Rhk,2023-03-31,female,Mamamoo+
[마마무+] ‘댕댕 (dangdang)’ Dance Practice Video,vB_QM4rmjQ8,2023-08-05,female,Mamamoo+
ICHILLIN'(아이칠린) ‘KICK-START(킥스타트)’ Dance Practice (2024 ASIANCUP ver.),CavnhtWLI-E,2024-01-30,female,Ichillin'
미니마니M (MINIMANI M) '까맣게 타버린 내 맘(Heartbreak)' DANCE PRACTICE,2W7Js3Cknoc,2024-01-31,female,MINIMANI M
박로시 Park Rossi - GOSSIP (Feat.유명한아이) Dance Practice,X67nquswgdM,2023-02-23,female,Park Rossi
박로시 Park Rossi - GOSSIP 안무영상 (Dance Practice Mirrored),hiYVMEy4qA8,2023-03-15,female,Park Rossi
박로시(Park Rossi) LUV MYSELF 연습실 안무 Dance Practice,mrbIxI-kmrk,2023-06-12,female,Park Rossi
TRI.BE (트라이비) 'Diamond' Dance Practice (Fix ver.),vexyqFnwUGQ,2024-02-21,female,Tri.be
TRI.BE (트라이비) 'Diamond' Dance Practice (Moving ver.),L2dU2hN3j74,2024-02-21,female,Tri.be
X:IN엑신 ‘MY IDOL’ DANCE PRACTICE,o8FvtqkF3nI,2024-02-21,female,X:IN
[문별] ‘TOUCHIN&MOVIN' Dance Practice Video,I7zyScfH3yg,2024-02-20,female,Moonbyul
X:IN 엑신 ‘NO DOUBT’ DANCE PRACTICE,ohvy7B_rEMU,2024-02-25,female,X:IN
KELT9b (켈트나인) 'Get Ya' Dance Practice (Fixed Ver.),sEFbrh2Ndf0,2024-03-05,female,KELT9b
시크엔젤(Chic Angel) 'Like it' Dance Practice ver.,h6GdoGeFup8,2019-06-12,female,Chic Angel
[MIRRORED] 시크엔젤(Chic Angel) 'Like it' Dance Practice,F7QQcoz6F30,2019-06-17,female,Chic Angel
LE SSERAFIM (르세라핌) ‘EASY’ Dance Practice (Fix ver.),JipcAMJcOB8,2024-03-09,female,LE SSERAFIM
LE SSERAFIM (르세라핌) ‘EASY’ Dance Practice (Moving ver.),DoqGiUK_H80,2024-03-10,female,LE SSERAFIM
지아이(GI) - ' ᄀ (GI-YEUK) ' Dance Practice,nism6UosaSM,2024-03-10,female,GI
유아 (YooA) 'Rooftop' Dance Practice Video,L72UXoJQzgY,2024-03-16,female,Yooa
CHUNG HA 청하 | 'EENIE MEENIE (Feat. Hongjoong of ATEEZ)' Dance Practice Video,H58WL8nUvSM,2024-03-19,female,Chung ha
NiziU「SWEET NONFICTION」 Dance Practice,4JhXFmr2600,2024-03-21,female,NiziU
퍼플키스(PURPLE KISS) 'BBB' Dance Practice,fVs8ScToXCQ,2024-03-24,female,Purple Kiss
VVUP (비비업) 'Doo Doom Chit (두둠칫)' DANCE PRACTICE VIDEO [Fix ver.],g81xmTUVe2c,2024-03-25,female,VVUP
VVUP (비비업) 'Doo Doom Chit (두둠칫)' DANCE PRACTICE VIDEO,t_9UXBw04v8,2024-03-25,female,VVUP
YOUNG POSSE 'XXL' Dance Practice ⎮ MOVING CAM Ver.,UWGph4LRa-U,2024-03-26,female,YOUNG POSSE
ILLIT (아일릿) ‘Magnetic’ Dance Practice (Fix Ver.),6KIuzXYR16Y,2024-03-28,female,ILLIT
ILLIT (아일릿) ‘Magnetic’ Dance Practice (Moving Ver.),hCg9tezGBWE,2024-03-28,female,ILLIT
UNIS(유니스) 'SUPERWOMAN' Dance Practice,ORJen9PNVFI,2024-03-28,female,UNIS
YOUNG POSSE (영파씨) ‘XXL’ Dance Practice (Fix ver.),Fh_FBJ3yX7Q,2024-03-31,female,YOUNG POSSE
"BoA 보아 '정말, 없니? (Emptiness)' Dance Practice",jKQRa78hvZg,2024-03-26,female,BoA
NiziU「SWEET NONFICTION」Dance Practice (Moving ver.),VsQzA6KbJVI,2024-04-06,female,NiziU
VVUP (비비업) 'Locked On (락던)' DANCE PRACTICE VIDEO,XEau_dA5wcY,2024-04-06,female,VVUP
CHUNG HA 청하 | 'I'm Ready' Dance Practice Video,ZWA_29sBefU,2024-04-09,female,Chung ha
VVUP (비비업) 'Locked On (락던)' DANCE PRACTICE VIDEO [Fix ver.],tM3VObE2K74,2024-04-09,female,VVUP
KISS OF LIFE (키스오브라이프) | 'Midas Touch' Dance Practice,xzF5Qo9Jkn8,2024-04-09,female,Kiss of Life
YOUNG POSSE 'Scars' Dance Practice ⎮ MOVING CAM Ver.,hnUfgPXK-lQ,2024-04-17,female,YOUNG POSSE
SPIA(수피아) 'Daddy's Little Girl' Dance Practice,VdIKnkMFufo,2024-04-18,female,SPIA
Loossemble (루셈블) 'Girls' Night' Dance Practice (Fix Ver.),yzkJoSio3-E,2024-04-18,female,Loossemble
YOUNG POSSE (영파씨) ‘Scars’ Dance Practice (Fix ver.),ckLJ5obPgUg,2024-04-19,female,YOUNG POSSE
Loossemble (루셈블) 'Girls' Night' Dance Practice (Moving Ver.),uc6tJ_kYYig,2024-04-21,female,Loossemble
BEWAVE 'SING !' Dance Practice (Moving ver.),OL7yVPBWEEM,2024-04-20,female,BEWAVE
BEWAVE 'SING !' Dance Practice (Fix ver.),teX_gFlBBpA,2024-04-19,female,BEWAVE
ILLIT (아일릿) ‘Lucky Girl Syndrome’ Dance Practice,HZDru95g6Mg,2024-04-25,female,ILLIT
IVE 아이브 '해야(HEYA)' DANCE PRACTICE,I8BzqbJYIdk,2024-05-04,female,IVE
Kep1er 케플러 l 'Straight Line' Dance Practice,EhLxzdiOVN0,2024-05-06,female,Kep1er
현아 (HyunA) - Q&A (Dance Practice Video),7M_7JnNZYAI,2024-05-02,female,Hyuna
BEWAVE 'Shine' Dance Practice (Fix ver.),wO2s27cZNpk,2024-05-09,female,BEWAVE
BEWAVE 'Shine' Dance Practice (Moving ver.),NFGWcpQ9ofo,2024-05-10,female,BEWAVE
솔라 (Solar) ‘Colors’ Dance Practice Video,0pyP0bFdJEg,2024-05-06,female,Solar
"【MIYA】""MIYAO"" Dance Practice",Xz3WK8hk1wE,2024-05-15,female,Miya
IVE 아이브 'Accendio' DANCE PRACTICE,VtLjP3CKLc0,2024-05-15,female,IVE
ILLIT (아일릿) KCON JAPAN 2024 ‘What is Love?’ Dance Practice (원곡: TWICE),EjPlBHdVH70,2024-05-20,female,ILLIT
tripleS(트리플에스) 'Girls Never Die' Official Dance Practice,Aa6JpEXDkQw,2024-05-28,female,tripleS
aespa 에스파 'Armageddon' Dance Practice,yS0nP3YlbOM,2024-05-29,female,Aespa
[YOU DAYEON] 'keep it low' Dance Practice,0gOgfXGTctg,2024-06-04,female,YOU DAYEON
ARTMS ‘Virtual Angel’ Official Dance Practice Ver. | ARTMS,SqenTnb_Fi0,2024-06-05,female,ARTMS
Kep1er 케플러 | 'Shooting Star' Dance Practice,Exhlz__0MPI,2024-06-06,female,Kep1er
퍼플키스(PURPLE KISS) 'Toy Boy' Dance Practice,VBxBoUllPUk,2024-06-07,female,Purple Kiss
EVERGLOW(에버글로우) - 'ZOMBIE' Dance Practice Video,eGhE92Yh9kw,2024-06-12,female,Everglow
BADVILLAIN - '야호(BADTITUDE)' Dance Practice (Fix ver.),3uIu0AIwWVI,2024-06-12,female,BADVILLAIN
수진 (SOOJIN) 'MONA LISA' Dance Practice (Fix ver.),wcOCzauGNes,2024-05-23,female,Soojin
cignature(시그니처) - '풍덩' Dance Practice (FIX ver.),wFZsVYPby8E,2024-06-16,female,cignature
SUNMI ‘Balloon in Love’ Dance Practice Video,NuwWx6E1kY0,2024-06-16,female,Sunmi
수진 (SOOJIN) 'MONA LISA' Dance Practice (Moving ver.),fiDI4qH81rE,2024-06-17,female,Soojin
SPIA(수피아) 'Deeeep' Dance Practice,47w2DIcGmxo,2024-06-17,female,SPIA
EVERGLOW(에버글로우) - 'Colourz' Dance Practice Video,V31_2Sdgong,2024-06-18,female,Everglow
cignature(시그니처) - '풍덩' Dance Practice (Close up ver.),2tRdnj1fFN8,2024-06-18,female,cignature
H1-KEY(하이키) '뜨거워지자(Let It Burn)' Dance Practice (Fix Ver.),3eRjdeOyRlk,2024-06-19,female,H1-KEY
cignature(시그니처) - 'I like I like' Dance Practice (FIX ver.),_TC61mmvBx0,2024-06-21,female,cignature
WOOAH 우아 - ‘POM POM POM’ Dance Practice,GNWf1OuceFs,2024-06-17,female,WOOAH
cignature(시그니처) - 'I like I like' Dance Practice (Close up ver.),ZCfr8SPwEIs,2024-06-22,female,cignature
STAYC(스테이씨) 'Cheeky Icy Thang' Dance Practice,SbS0EjbynKE,2024-07-01,female,StayC
VIVIZ (비비지) - 'Love or Die' Dance Practice,mV56HDwqXJs,2024-07-03,female,VIVIZ
CRAXY(크랙시) 'STUPIDZ' Dance Practice,MYJbyIJ1kkg,2024-07-03,female,Craxy
LEE CHAE YEON(이채연) 'Don't' Dance Practice,ebQ-lqRRqt8,2024-07-05,female,Lee Chaeyeon
KISS OF LIFE (키스오브라이프) | 'Sticky' Dance Practice,4LJgnaTmROk,2024-07-06,female,Kiss of Life
VVUP (비비업) 'Ain't Nobody (에인트 노바디)' DANCE PRACTICE VIDEO,2e48M_J8oaI,2024-07-08,female,VVUP
LISA - ROCKSTAR Dance Practice Video,tEA7buzhE0s,2024-06-28,female,Lisa
규빈(GYUBIN) – Satellite Dance Practice ver.,mwerVpkIPFc,2024-07-09,female,Gyubin
LEE CHAE YEON(이채연) 'Summer Heat' Dance Practice,RD2qiANP7G4,2024-07-10,female,Lee Chaeyeon
BADVILLAIN - 'HURRICANE' Dance Practice (Fix ver.),sCiRqAiNmLU,2024-07-11,female,BADVILLAIN
PRIMROSE(프림로즈) 'Freyja' Dance Practice,xDMZWZgfFFk,2024-07-17,female,PRIMROSE
유수현 '내가 낸데 (I'LL PAY)' DANCE PRACTICE,UszqSkncxJo,2024-07-07,female,Soohyun
NewJeans (뉴진스) 'Supernatural' Dance Practice,FKHqiV-9xLA,2024-07-24,female,NewJeans
NewJeans (뉴진스) 'Right Now' Dance Practice,4xer6EPtYdw,2024-07-25,female,NewJeans
KISS OF LIFE (키스오브라이프) | '2024 SBS 가요대전: Summer' Dance Practice,-uAdaendMMA,2024-07-27,female,Kiss of Life
NewJeans (뉴진스) 'How Sweet' Dance Practice,W9zz89BwAZ8,2024-07-31,female,NewJeans
NewJeans (뉴진스) 'Bubble Gum' Dance Practice,gQEtQ9LQfhs,2024-07-31,female,NewJeans
MNZ (엠엔지)ᅵ'치' Dance Practice,yyqfuzSw63c,2024-07-30,female,MNZ
NiziU 「RISE UP」 Dance Practice (Fix ver.),FYiKMThutnw,2024-08-10,female,NiziU
UNIS(유니스) '너만 몰라 (Curious)' Dance Practice,AGJjHyqO1jg,2024-08-12,female,UNIS
아일리원(ILY:1) | 'illang(Firework)' Dance Practice,fCDlkW6RzqI,2024-08-21,female,ILY:1
"NMIXX(엔믹스) ""별별별 (See that?)"" Dance Practice",YI8Vhs5d4_8,2024-08-23,female,Nmixx
YOUNG POSSE (영파씨) 'ATE THAT' Dance Practice ⎮ MOVING CAM Ver.,p4lq96Uaa3Q,2024-08-26,female,YOUNG POSSE
문별 (Moon Byul) '내 친구의 친구 얘기인데 (Is This Love?)' Dance Practice Video,lE-OruLCY8w,2024-08-21,female,Moonbyul
YOUNG POSSE (영파씨) 'ATE THAT' Dance Practice ⎮ Fix Ver.,ZiBvfY1RZjw,2024-08-27,female,YOUNG POSSE
오마이걸(OH MY GIRL) 'Classified' Dance Practice,s_rxW_BIV40,2024-08-28,female,Oh My Girl
NiziU 「RISE UP」 Dance Practice (Moving ver.),f6tTTgVcxO0,2024-08-28,female,NiziU
XG - SOMETHING AIN'T RIGHT (Dance Practice Fix ver.),ai2QKOrTnjs,2024-08-28,female,XG
LE SSERAFIM (르세라핌) ‘CRAZY’ Dance Practice (Moving ver.),ZJwC0VYzGIs,2024-09-01,female,LE SSERAFIM
RESCENE(리센느) 'LOVE ATTACK' Dance Practice (Fix ver.),sC5Ue2Tir9c,2024-09-02,female,RESCENE
오마이걸(OH MY GIRL) 'Start Up' Dance Practice,Ckf_2NISagw,2024-09-03,female,Oh My Girl
LE SSERAFIM (르세라핌) ‘CRAZY’ Dance Practice (Fix ver.),bbs_RSZwa-I,2024-09-05,female,LE SSERAFIM
예린(YERIN) ‘Wavy’ Dance Practice (Fix ver.),ePWulqmaaxM,2024-09-04,female,Yerin
RESCENE(리센느) 'LOVE ATTACK' Dance Practice (Moving ver.),ys9nHGt1NA8,2024-08-27,female,RESCENE
Loossemble (루셈블) 'TTYL' Dance Practice (Moving Ver.),Lad1rHBgJlU,2024-09-11,female,Loossemble
‘MEOW’ DANCE PRACTICE VIDEO 1 (Full Cam Ver.),flKJOVxYilw,2024-09-11,female,MEOVV
Loossemble (루셈블) 'TTYL' Dance Practice (Fix Ver.),gssTG1Hrd_k,2024-09-12,female,Loossemble
‘MEOW’ DANCE PRACTICE VIDEO 2 (Moving Cam Ver.),qYdjn0DgVUM,2024-09-14,female,MEOVV
화사 (HWASA) - 'NA' Dance Practice,xTKrpJRoq3g,2024-09-19,female,Hwasa
CHUNG HA 청하 | Special Digital Single  [알고리즘 (Algorithm)] Dance Practice Video,gmF8i3sCGBo,2024-09-24,female,Chung ha
RESCENE(리센느) 'Pinball' Dance Practice (Fix ver.),wXn4OfIqzrs,2024-09-25,female,RESCENE
"MADEIN - ""UNO"" DANCE PRACTICE",vXukG3hHFSs,2024-10-01,female,MADEIN
FIFTY FIFTY (피프티피프티) ’SOS’ Dance Practice,baLbPqLlK9s,2024-10-04,female,FIFTY FIFTY
YENA(최예나) - '네모네모' Dance Practice Video,vUSHrF6IMOI,2024-09-30,female,YENA
Kep1er｜‘sync-love’ Dance Practice,Bl51W9af2xs,2024-10-09,female,Kep1er
FIFTY FIFTY (피프티피프티) ’Gravity’ Dance Practice,6dSvyeoR-iU,2024-10-10,female,FIFTY FIFTY
UNIS(유니스) ‘Poppin’' Dance Practice (Fix ver.),3PUE4D0MURs,2024-10-10,female,UNIS
UNIS(유니스) ‘Poppin’' Dance Practice (Moving ver.),iezL1ao7s8k,2024-10-10,female,UNIS
FIFTY FIFTY (피프티피프티) 'Starry Night' dance practice,dEHK4ypdLpY,2024-10-11,female,FIFTY FIFTY
FIFTY FIFTY (피프티피프티) 'Push Your Love' dance practice,FekxxK6kISw,2024-09-21,female,FIFTY FIFTY
RESCENE(리센느) 'Pinball' Dance Practice (Moving ver.),GZ9l5koeWC4,2024-10-12,female,RESCENE
BEWAVE '너에게로 가는 길이 너무 어려워' Dance Practice (Moving ver.),VIfrqyq7wbM,2024-10-14,female,BEWAVE
ITZY “GOLD” Dance Practice,I3assbYThus,2024-10-15,female,ITZY
KISS OF LIFE (키스오브라이프) | 'Get Loud' Dance Practice,09L9o9gsQAY,2024-10-19,female,Kiss of Life
aespa 에스파 'Whiplash' Dance Practice,4hAdcenQWqU,2024-10-24,female,Aespa
KISS OF LIFE (키스오브라이프) | 'Igloo' Dance Practice,dCBsFUnyXl0,2024-10-25,female,Kiss of Life
퍼플키스(PURPLE KISS) 'ON MY BIKE' Dance Practice,5kQctD0zXEM,2024-10-27,female,Purple Kiss
ILLIT (아일릿) ‘Cherish (My Love)’ Dance Practice (Moving Ver.),fNrvVVjzZ4M,2024-10-29,female,ILLIT
"ITZY ""Imaginary Friend"" Dance Practice (4K)",P1SVvmV_vLo,2024-10-29,female,ITZY
STAYC(스테이씨) 'GPT' Dance Practice,qAmn3bvN-34,2024-10-30,female,StayC
SORN - Cool Waters (Dance Practice),bk4f09K9PnU,2024-10-31,female,Sorn
드림노트(DreamNote) - '초록빛 (Joyful Green)' Dance Practice,cCfXxDQLZfs,2024-11-05,female,DreamNote
SAY MY NAME(세이마이네임) 'Goldilocks Water' Dance Practice,xbPU3d09QTc,2024-11-07,female,SAY MY NAME
tripleS Visionary Vision 'Hit the Floor' Official Dance Practice,dmdQd6DrpE4,2024-10-23,female,tripleS
VIVIZ (비비지) - 'Shhh!' Dance Practice (Fix ver.),OHb6F9kpFA0,2024-11-10,female,VIVIZ
ODD YOUTH (오드유스) 'THAT'S ME' Dance Practice Video (Moving ver.),h6F7QwsFHns,2024-11-10,female,ODD YOUTH
Kep1er 케플러 | 'TIPI-TAP' Dance Practice,S0neaNk9ybQ,2024-11-10,female,Kep1er
ODD YOUTH (오드유스) 'THAT'S ME' Dance Practice Video (FIX ver.),vHmVkX3P0-Q,2024-11-11,female,ODD YOUTH
ILLIT (아일릿) ‘Tick-Tack’ Dance Practice,HdmcYh1r7Q4,2024-11-15,female,ILLIT
VIVIZ (비비지) - 'Shhh!' Dance Practice (Moving ver.),Khm_AayE6CY,2024-11-17,female,VIVIZ
PRIMROSE(프림로즈) 'Steal Heart' Dance Practice,Evh0OYrwFpY,2024-11-20,female,PRIMROSE
"CLASS:y(클라씨) ""Psycho and Beautiful"" Dance Practice Video",yBeMQo9TXs8,2024-11-21,female,CLASS:y
Yves (이브) 'Viola' Dance Practice,8MezawtDiC4,2024-11-21,female,Yves
BADVILLAIN - '숨(ZOOM)' Dance Practice (Fix ver.),kTNMZ2w-5tg,2024-11-22,female,BADVILLAIN
"CLASS:y(클라씨) ""Psycho and Beautiful"" Dance Practice Video (Inkigayo Ver.)",RkEPYNtYDaw,2024-11-27,female,CLASS:y
izna (이즈나) 'IZNA' Dance Practice,ZbSSbHuT6HM,2024-11-29,female,izna
tripleS ∞! 'Untitled' Official Dance Practice,e-6iU-nTTs4,2024-11-29,female,tripleS
